"idDBLP","idACM"
"http://w3/conf/sigmod/SlivinskasJS01*****375678
"http://w3/conf/sigmod/ChaudhuriDN01",375694
"http://w3/conf/sigmod/RinfretOO01",375669
"http://w3/conf/sigmod/BreunigKKS01",375672
"http://w3/conf/sigmod/JagadishJOT01",375687
"http://w3/conf/sigmod/NazeriBO01",375743
"http://w3/conf/sigmod/ChenZCKR01",375789
"http://w3/conf/sigmod/BohmBKK01",375714
"http://w3/conf/sigmod/DattaDRTV01",375780
"http://w3/conf/sigmod/HernandezMHYHT01",375767
"http://w3/conf/sigmod/LeeWMS01",375709
"http://w3/conf/sigmod/HanPLJ01",375786
"http://w3/conf/sigmod/KiesslingHFE01",375754
"http://w3/conf/sigmod/YanMHF01",375729
"http://w3/conf/sigmod/FernandezMS01",375674
"http://w3/conf/sigmod/CandanLLHA01",375736
"http://w3/conf/sigmod/BorkarDS01",375682
"http://w3/conf/sigmod/SchusterW01",375728
"http://w3/conf/sigmod/HanPDW01",375664
"http://w3/conf/sigmod/Maguire01",375742
"http://w3/conf/sigmod/GodfreyGXZ01",375749
"http://w3/conf/sigmod/FabretJLPRS01",375677
"http://w3/conf/sigmod/OlstonWL01",375710
"http://w3/conf/sigmod/LahiriG01",375751
"http://w3/conf/sigmod/DeolaseeKPRS01",375752
"http://w3/conf/sigmod/Meseck01",375745
"http://w3/conf/sigmod/ShahC01",375773
"http://w3/conf/sigmod/StonebrakerH01",375739
"http://w3/conf/sigmod/AfratiLU01",375705
"http://w3/conf/sigmod/ButtlerLPP01",375762
"http://w3/conf/sigmod/LangS01",375716
"http://w3/conf/sigmod/Smith01",375814
"http://w3/conf/sigmod/TatarinovIHW01",375720
"http://w3/conf/sigmod/ShouCTRH01",375755
"http://w3/conf/sigmod/GionisGK01",375689
"http://w3/conf/sigmod/MistryRSR01",375703
"http://w3/conf/sigmod/Larson01",375792
"http://w3/conf/sigmod/GoldsteinL01",375706
"http://w3/conf/sigmod/Bussler01",375810
"http://w3/conf/sigmod/BabuGR01",375693
"http://w3/conf/sigmod/LamCKNH01",375779
"http://w3/conf/sigmod/GreenwaldK01",375670
"http://w3/conf/sigmod/DraperHW01",375744
"http://w3/conf/sigmod/AgichteinGV01",375774
"http://w3/conf/sigmod/KimCK01",375679
"http://w3/conf/sigmod/ClaypoolRZSK01",375765
"http://w3/conf/sigmod/BertinoCF01",375764
"http://w3/conf/sigmod/Mohan01",375798
"http://w3/conf/sigmod/KalnisP01",375712
"http://w3/conf/sigmod/YuMWL01",375684
"http://w3/conf/sigmod/ChenGK01",375692
"http://w3/conf/sigmod/Galindo-LegariaJ01",375748
"http://w3/conf/sigmod/DeshpandeGR01",375685
"http://w3/conf/sigmod/LazaridisM01",375718
"http://w3/conf/sigmod/BrunoCG01",375686
"http://w3/conf/sigmod/Sahuguet01",375757
"http://w3/conf/sigmod/AgrawalCN01",375769
"http://w3/conf/sigmod/ChenGM01",375688
"http://w3/conf/sigmod/ZhangNDLL01",375722
"http://w3/conf/sigmod/CarinoKKB01",375733
"http://w3/conf/sigmod/AggarwalY01",375668
"http://w3/conf/sigmod/WynblattN01",375737
"http://w3/conf/sigmod/BohannonMR01",375681
"http://w3/conf/sigmod/GunopulosD01",375808
"http://w3/conf/sigmod/KeoghCMP01",375680
"http://w3/conf/sigmod/DoanDH01",375731
"http://w3/conf/sigmod/NgWY01",375666
"http://w3/conf/sigmod/IpeirotisGS01",375671
"http://w3/conf/sigmod/JoshiA01",375673
"http://w3/conf/sigmod/HristidisKP01",375690
"http://w3/conf/sigmod/GetoorTK01",375727
"http://w3/conf/sigmod/WuAA01",375724
"http://w3/conf/sigmod/GehrkeKS01",375665
"http://w3/conf/sigmod/AdiBEY01",375759
"http://w3/conf/sigmod/Amer-YahiaCLS01",375730
"http://w3/conf/sigmod/WhitneyS01",375783
"http://w3/conf/sigmod/KriegelMPS01",375777
"http://w3/conf/sigmod/BabyCY01",375761
"http://w3/conf/sigmod/CasatiS01",375812
"http://w3/conf/sigmod/Rosenthal01",375796
"http://w3/conf/sigmod/NguyenACP01",375723
"http://w3/conf/sigmod/CatarciS01",375771
"http://w3/conf/sigmod/ChangC01",375776
"http://w3/conf/sigmod/Lomet00",335378
"http://w3/conf/sigmod/LabioWGG00",335379
"http://w3/conf/sigmod/AggarwalY00",335383
"http://w3/conf/sigmod/PalmerF00",335384
"http://w3/conf/sigmod/ZaharioudakisCLPU00",335390
"http://w3/conf/sigmod/CorralMTV00",335414
"http://w3/conf/sigmod/RoySSB00",335419
"http://w3/conf/sigmod/HellersteinA00",335420
"http://w3/conf/sigmod/PopaDST00",335421
"http://w3/conf/sigmod/AgrawalW00",335423
"http://w3/conf/sigmod/ForlizziGNS00",335426
"http://w3/conf/sigmod/MoonSL00",335428
"http://w3/conf/sigmod/ChoSG00",335429
"http://w3/conf/sigmod/OhHP00",335436
"http://w3/conf/sigmod/RamaswamyRS00",335437
"http://w3/conf/sigmod/SzalayGKT00",335439
"http://w3/conf/sigmod/GunopulosKTD00",335448
"http://w3/conf/sigmod/AcharyaGP00",335450
"http://w3/conf/sigmod/WaasG00",335451
"http://w3/conf/sigmod/WattezCBFF00",335452
"http://w3/conf/sigmod/Ross00",335457
"http://w3/conf/sigmod/HsiaoN00",335461
"http://w3/conf/sigmod/Weininger00",335465
"http://w3/conf/sigmod/Jhingran00",335469
"http://w3/conf/sigmod/WangSSZZW00",335495
"http://w3/conf/sigmod/ChenDLT00",336560
"http://w3/conf/sigmod/Galhardas00",336568
"http://w3/conf/sigmod/JarkeQCLFLVV00",336570
"http://w3/conf/sigmod/GillmannWSWW00",336577
"http://w3/conf/sigmod/LiuPBHPT00",336579
"http://w3/conf/sigmod/OriaOILY00",336589
"http://w3/conf/sigmod/HanPY00",335372
"http://w3/conf/sigmod/RiedelFGN00",335375
"http://w3/conf/sigmod/ShenoyHSBBS00",335376
"http://w3/conf/sigmod/LakhamrajuRSS00",335381
"http://w3/conf/sigmod/BreunigKNS00",335388
"http://w3/conf/sigmod/ChoG00",335391
"http://w3/conf/sigmod/SalemBCL00",335393
"http://w3/conf/sigmod/ChristophidesCS00",335395
"http://w3/conf/sigmod/LiefkeS00",335405
"http://w3/conf/sigmod/GarofalakisGRSS00",335409
"http://w3/conf/sigmod/FaloutsosSTT00",335412
"http://w3/conf/sigmod/KornM00",335415
"http://w3/conf/sigmod/RodriguezR00",335413
"http://w3/conf/sigmod/LeeKOTM00",335416
"http://w3/conf/sigmod/LitwinS00",335418
"http://w3/conf/sigmod/GoldmanW00",335422
"http://w3/conf/sigmod/BarclaySG00",335424
"http://w3/conf/sigmod/SaltenisJLL00",335427
"http://w3/conf/sigmod/LabrinidisR00",335430
"http://w3/conf/sigmod/ChenJDTW00",335432
"http://w3/conf/sigmod/ChangBCLLS00",335433
"http://w3/conf/sigmod/JagadishKS00",335434
"http://w3/conf/sigmod/AgrawalS00",335438
"http://w3/conf/sigmod/RaoR00",335449
"http://w3/conf/sigmod/LehnerSPC00",335454
"http://w3/conf/sigmod/PonnekantiK00",335462
"http://w3/conf/sigmod/AnnamalaiCD00",335463
"http://w3/conf/sigmod/ChenCPPSTM00",335466
"http://w3/conf/sigmod/OrdonezC00",335468
"http://w3/conf/sigmod/Ramakrishnan00",335471
"http://w3/conf/sigmod/Nori00",335474
"http://w3/conf/sigmod/Gal00",335479
"http://w3/conf/sigmod/ShuklaD00",335482
"http://w3/conf/sigmod/IvesLPST00",335492
"http://w3/conf/sigmod/FegarasSRM00",335494
"http://w3/conf/sigmod/RundensteinerCCSO00",335496
"http://w3/conf/sigmod/MerialdoAMMP00",335497
"http://w3/conf/sigmod/BerckenDS00",336562
"http://w3/conf/sigmod/Sarawagi00",336564
"http://w3/conf/sigmod/PeiMHZ00",336572
"http://w3/conf/sigmod/HsuLG00",336573
"http://w3/conf/sigmod/Rodriguez-Martinez00",336575
"http://w3/conf/sigmod/YangYW00",336578
"http://w3/conf/sigmod/LiBCS00",336583
"http://w3/conf/sigmod/BressanGOT00",336587
"http://w3/conf/sigmod/ReveszCKLLW00",336590
"http://w3/conf/sigmod/ChakrabartiM99",304185
"http://w3/conf/sigmod/AggarwalPWYP99",304188
"http://w3/conf/sigmod/ShanmugasundaramNSR99",304190
"http://w3/conf/sigmod/Jamil99",304192
"http://w3/conf/sigmod/AdaliSS99",304193
"http://w3/conf/sigmod/GehrkeGRL99",304197
"http://w3/conf/sigmod/VitterW99",304199
"http://w3/conf/sigmod/ChanI99",304201
"http://w3/conf/sigmod/BlohsfeldKS99",304203
"http://w3/conf/sigmod/IvesFFLW99",304209
"http://w3/conf/sigmod/MayrS99",304213
"http://w3/conf/sigmod/BeyerR99",304214
"http://w3/conf/sigmod/KotidisR99",304215
"http://w3/conf/sigmod/AggarwalWY99",304218
"http://w3/conf/sigmod/Keim99",304219
"http://w3/conf/sigmod/YerneniLGU99",304221
"http://w3/conf/sigmod/CallanCD99",304224
"http://w3/conf/sigmod/DavulcuFKR99",304225
"http://w3/conf/sigmod/Ozsu99",304228
"http://w3/conf/sigmod/Mohan99",304230
"http://w3/conf/sigmod/HinneburgK99",304232
"http://w3/conf/sigmod/KrishnamurthyBN99",304235
"http://w3/conf/sigmod/BaulierBGGHJKKMMNNRSSSWW99",304239
"http://w3/conf/sigmod/Kohler99",304241
"http://w3/conf/sigmod/Greer99",304242
"http://w3/conf/sigmod/TrisoliniLN99",304569
"http://w3/conf/sigmod/LiuHBPT99",304570
"http://w3/conf/sigmod/AltinelABFSZ99",304571
"http://w3/conf/sigmod/WolfsonSXZC99",304572
"http://w3/conf/sigmod/BraumandlKK99",304573
"http://w3/conf/sigmod/RundensteinerKZWLLN99",304574
"http://w3/conf/sigmod/NgLHM99",304575
"http://w3/conf/sigmod/CruzJ99",304587
"http://w3/conf/sigmod/MamoulisP99",304183
"http://w3/conf/sigmod/AcharyaPR99",304184
"http://w3/conf/sigmod/JagadishLS99",304186
"http://w3/conf/sigmod/AnkerstBKS99",304187
"http://w3/conf/sigmod/LometT99",304189
"http://w3/conf/sigmod/BreitbartKRSS99",304191
"http://w3/conf/sigmod/JagadishLMSV99",304194
"http://w3/conf/sigmod/Hidber99",304195
"http://w3/conf/sigmod/LakshmananNHP99",304196
"http://w3/conf/sigmod/AboulnagaC99",304198
"http://w3/conf/sigmod/LeeKC99",304200
"http://w3/conf/sigmod/Wu99",304202
"http://w3/conf/sigmod/MankuRL99",304204
"http://w3/conf/sigmod/ChaudhuriMN99",304206
"http://w3/conf/sigmod/AcharyaGPR99a",304207
"http://w3/conf/sigmod/HaasH99",304208
"http://w3/conf/sigmod/FlorescuLMS99",304210
"http://w3/conf/sigmod/MaratheS99",304211
"http://w3/conf/sigmod/ChangG99",304212
"http://w3/conf/sigmod/LabioYG99",304216
"http://w3/conf/sigmod/NatsevRS99",304217
"http://w3/conf/sigmod/DeutschFS99",304220
"http://w3/conf/sigmod/PapakonstantinouV99",304222
"http://w3/conf/sigmod/EmbleyJN99",304223
"http://w3/conf/sigmod/GarofalakisRRS99",304227
"http://w3/conf/sigmod/Dullmann99",304229
"http://w3/conf/sigmod/Chakrabarti99",304231
"http://w3/conf/sigmod/Suciu99",304233
"http://w3/conf/sigmod/CareyCNVDRSM99",304234
"http://w3/conf/sigmod/Brown99",304236
"http://w3/conf/sigmod/KanthRSB99",304240
"http://w3/conf/sigmod/Hammond99",304243
"http://w3/conf/sigmod/Team99",304244
"http://w3/conf/sigmod/BergstraesserBPS99",304248
"http://w3/conf/sigmod/DoRD99",304250
"http://w3/conf/sigmod/JarkeQBLMS99",304568
"http://w3/conf/sigmod/AdelbergD99",304576
"http://w3/conf/sigmod/BargaL99",304577
"http://w3/conf/sigmod/LiVCAHMWBCHIKSS99",304578
"http://w3/conf/sigmod/RundensteinerCLCZNJLW99",304579
"http://w3/conf/sigmod/ZhouLP99",304580
"http://w3/conf/sigmod/AcharyaGPR99",304581
"http://w3/conf/sigmod/BrodskySCE99",304582
"http://w3/conf/sigmod/BonnetBCCCHKMMOSS99",304583
"http://w3/conf/sigmod/RoussopoulosKS99",304584
"http://w3/conf/sigmod/BohlenBD99",304585
"http://w3/conf/sigmod/VossenW99",304586
"http://w3/conf/sigmod/BouguettayaBH99",304589
"http://w3/conf/sigmod/BaruGLMPVC99",304590
"http://w3/conf/sigmod/NgLHP98",276307
"http://w3/conf/sigmod/CherniackZ98",276311
"http://w3/conf/sigmod/GuhaRS98",276312
"http://w3/conf/sigmod/Bayardo98",276313
"http://w3/conf/sigmod/AgrawalGGR98",276314
"http://w3/conf/sigmod/KabraD98",276315
"http://w3/conf/sigmod/UrhanFA98",276317
"http://w3/conf/sigmod/KanthAS98",276320
"http://w3/conf/sigmod/KotidisR98",276327
"http://w3/conf/sigmod/DeshpandeRSN98",276328
"http://w3/conf/sigmod/NestorovAM98",276331
"http://w3/conf/sigmod/ChakrabartiDI98",276332
"http://w3/conf/sigmod/SubramanianV98",276333
"http://w3/conf/sigmod/ChanI98",276336
"http://w3/conf/sigmod/ChaudhuriN98",276337
"http://w3/conf/sigmod/AdaliBSS98",276340
"http://w3/conf/sigmod/FernandezFKLS98",276341
"http://w3/conf/sigmod/RajagopalanML98",276342
"http://w3/conf/sigmod/LometW98",276345
"http://w3/conf/sigmod/Stonebraker98",276348
"http://w3/conf/sigmod/AdamY98",276350
"http://w3/conf/sigmod/BerchtoldK98",276353
"http://w3/conf/sigmod/WhiteCF98",276355
"http://w3/conf/sigmod/Doherty98",276358
"http://w3/conf/sigmod/FranklinZ98",276360
"http://w3/conf/sigmod/LahiriJJC98",276366
"http://w3/conf/sigmod/Aulakh98",276367
"http://w3/conf/sigmod/Whelan98",276368
"http://w3/conf/sigmod/NaumanS98",276369
"http://w3/conf/sigmod/Brewer98",276372
"http://w3/conf/sigmod/LiS98",276374
"http://w3/conf/sigmod/LiuPTBBZBHY98",276376
"http://w3/conf/sigmod/OlstonWACELSS98",276377
"http://w3/conf/sigmod/AmbiteABKMMMPT98",276381
"http://w3/conf/sigmod/AvnurHLORRRW98",276383
"http://w3/conf/sigmod/KornackerSH98",276384
"http://w3/conf/sigmod/DarEGP98",276391
"http://w3/conf/sigmod/ChenWZ98",276392
"http://w3/conf/sigmod/LiYVGPUV98",276382
"http://w3/conf/sigmod/TsurUACMNR98",276306
"http://w3/conf/sigmod/ShintaniK98",276308
"http://w3/conf/sigmod/RaoR98",276309
"http://w3/conf/sigmod/Fegaras98",276310
"http://w3/conf/sigmod/JonssonFS98",276316
"http://w3/conf/sigmod/BerchtoldBK98",276318
"http://w3/conf/sigmod/SeidlK98",276319
"http://w3/conf/sigmod/CluetDSS98",276321
"http://w3/conf/sigmod/Miller98",276322
"http://w3/conf/sigmod/Cohen98",276323
"http://w3/conf/sigmod/GrumbachRS98",276324
"http://w3/conf/sigmod/PapadopoulosM98",276325
"http://w3/conf/sigmod/HjaltasonS98",276326
"http://w3/conf/sigmod/ZhaoDNS98",276329
"http://w3/conf/sigmod/Adelberg98",276330
"http://w3/conf/sigmod/GibbonsM98",276334
"http://w3/conf/sigmod/SarawagiTA98",276335
"http://w3/conf/sigmod/JaedickeM98",276338
"http://w3/conf/sigmod/GodfreySE98",276339
"http://w3/conf/sigmod/ChaudhuriMN98",276343
"http://w3/conf/sigmod/MatiasVW98",276344
"http://w3/conf/sigmod/LarsonG98",276346
"http://w3/conf/sigmod/AndersonBKW98",276347
"http://w3/conf/sigmod/Mylopoulos98",276349
"http://w3/conf/sigmod/KemperKM98",276351
"http://w3/conf/sigmod/ClossmanSHKPB98",276352
"http://w3/conf/sigmod/BlakeleyP98",276354
"http://w3/conf/sigmod/ReinwaldP98",276356
"http://w3/conf/sigmod/Eaton98",276357
"http://w3/conf/sigmod/Spiro98",276359
"http://w3/conf/sigmod/Chan98",276362
"http://w3/conf/sigmod/NgLK98",276364
"http://w3/conf/sigmod/AndersonAF98",276365
"http://w3/conf/sigmod/Chong98",276370
"http://w3/conf/sigmod/Lassettre98",276371
"http://w3/conf/sigmod/Kennamer98",276373
"http://w3/conf/sigmod/MeccaAMMS98",276375
"http://w3/conf/sigmod/ChaudhuriN98a",276378
"http://w3/conf/sigmod/KiepuszewskiMO98",276379
"http://w3/conf/sigmod/Cohen98a",276380
"http://w3/conf/sigmod/LacroixSC98",276385
"http://w3/conf/sigmod/BaumannDFRW98",276386
"http://w3/conf/sigmod/ParkKKLPC98",276387
"http://w3/conf/sigmod/ZaianeHLCC98",276388
"http://w3/conf/sigmod/Toyama98",276389
"http://w3/conf/sigmod/CeriFP98",276390
"http://w3/conf/sigmod/BerchtoldBBKK97",253263
"http://w3/conf/sigmod/KornackerMH97",253272
"http://w3/conf/sigmod/RoussopoulosKR97",253276
"http://w3/conf/sigmod/ZhaoDN97",253288
"http://w3/conf/sigmod/AcharyaFZ97",253293
"http://w3/conf/sigmod/GriffinH97",253304
"http://w3/conf/sigmod/BrinMUT97",253325
"http://w3/conf/sigmod/BrinMS97",253327
"http://w3/conf/sigmod/KornJF97",253332
"http://w3/conf/sigmod/LivnyRBCDLMW97",253335
"http://w3/conf/sigmod/PatelYKTNBHRLEKGDN97",253342
"http://w3/conf/sigmod/GebhardtJJ97",253344
"http://w3/conf/sigmod/BozkayaO97",253345
"http://w3/conf/sigmod/AgrawalASY97",253355
"http://w3/conf/sigmod/LlirbatFS97",253357
"http://w3/conf/sigmod/YangM97",253361
"http://w3/conf/sigmod/JajodiaSSB97",253364
"http://w3/conf/sigmod/Kramer97",253372
"http://w3/conf/sigmod/CruzALRZ97",253376
"http://w3/conf/sigmod/LivnyRBCDLMW97a",253379
"http://w3/conf/sigmod/HanKS97",253404
"http://w3/conf/sigmod/RafieiM97",253264
"http://w3/conf/sigmod/ChawatheG97",253266
"http://w3/conf/sigmod/ONeilQ97",253268
"http://w3/conf/sigmod/ZaharioudakisC97",253269
"http://w3/conf/sigmod/HoAMS97",253274
"http://w3/conf/sigmod/MumickQM97",253277
"http://w3/conf/sigmod/TsueiPK97",253279
"http://w3/conf/sigmod/DoppelhammerHKK97",253280
"http://w3/conf/sigmod/AdelbergGW97",253287
"http://w3/conf/sigmod/HellersteinHW97",253291
"http://w3/conf/sigmod/GravanoCGP97",253299
"http://w3/conf/sigmod/CareyK97",253302
"http://w3/conf/sigmod/Arpaci-DusseauACHP97",253322
"http://w3/conf/sigmod/HanKK97",253330
"http://w3/conf/sigmod/MaheshwariL97",253338
"http://w3/conf/sigmod/KoudasS97",253340
"http://w3/conf/sigmod/KatayamaS97",253347
"http://w3/conf/sigmod/ShivakumarG97",253349
"http://w3/conf/sigmod/QuassW97",253352
"http://w3/conf/sigmod/ColbyKLMR97",253353
"http://w3/conf/sigmod/MotakisZ97",253359
"http://w3/conf/sigmod/GeorgeH97",253362
"http://w3/conf/sigmod/GuptaHR97",253366
"http://w3/conf/sigmod/Shasha97",253368
"http://w3/conf/sigmod/CareyMN97",253370
"http://w3/conf/sigmod/ChaudhuriD97",253373
"http://w3/conf/sigmod/Chaudhuri97",253374
"http://w3/conf/sigmod/GoyalHKMSZ97",253377
"http://w3/conf/sigmod/LiCHH97",253384
"http://w3/conf/sigmod/BressanGFJHKLMPQSS97",253389
"http://w3/conf/sigmod/AtzeniT97",253393
"http://w3/conf/sigmod/HammerGNYBV97",253395
"http://w3/conf/sigmod/GingrasLSPS97",253397
"http://w3/conf/sigmod/GeneserethKD97",253400
"http://w3/conf/sigmod/BohrerBBCFHKKMNRRSUUW97a",253401
"http://w3/conf/sigmod/TomasicABKNR97",253402
"http://w3/conf/sigmod/FernandezFKLS97",253403
"http://w3/conf/sigmod/LabioZWGGW97",253405
"http://w3/conf/sigmod/WangSCRZP97",253406
"http://w3/conf/sigmod/BerchtoldK97",253407
"http://w3/conf/sigmod/SeshadriP97",253408
"http://w3/conf/sigmod/Chakravarthy97",253409
"http://w3/conf/sigmod/WodtkeWWDM97",253411
"http://w3/conf/sigmod/IoannidisLANT97",253415
"http://w3/conf/sigmod/SimmenSM96",233320
"http://w3/conf/sigmod/OConnellISWABCCLPWW96",233321
"http://w3/conf/sigmod/OzdenRSS96",233322
"http://w3/conf/sigmod/Blakeley96",233329
"http://w3/conf/sigmod/LibkinMW96",233335
"http://w3/conf/sigmod/Agarwal96",233336
"http://w3/conf/sigmod/GangulyGMS96",233340
"http://w3/conf/sigmod/KrishnanVI96",233341
"http://w3/conf/sigmod/BrownCL96",233351
"http://w3/conf/sigmod/ChristophidesCM96",233358
"http://w3/conf/sigmod/SeshadriHPLRSSS96",233360
"http://w3/conf/sigmod/ColbyGLMT96",233364
"http://w3/conf/sigmod/HullZ96",233365
"http://w3/conf/sigmod/ChawatheRGW96",233366
"http://w3/conf/sigmod/BunemanDHS96",233368
"http://w3/conf/sigmod/NguyenS96",233371
"http://w3/conf/sigmod/Keim96",280349
"http://w3/conf/sigmod/Han96",280351
"http://w3/conf/sigmod/LeflerSW96",280354
"http://w3/conf/sigmod/HanFWCZK96",280356
"http://w3/conf/sigmod/HungYK96",280360
"http://w3/conf/sigmod/BilirisFOP96",280362
"http://w3/conf/sigmod/SrikantA96",233311
"http://w3/conf/sigmod/FukudaMMT96",233313
"http://w3/conf/sigmod/SelfridgeSW96",233315
"http://w3/conf/sigmod/VanceM96",233317
"http://w3/conf/sigmod/GoelI96",233318
"http://w3/conf/sigmod/ChaudhuriG96",233323
"http://w3/conf/sigmod/ZhangRL96",233324
"http://w3/conf/sigmod/ZouS96",233325
"http://w3/conf/sigmod/AchyutuniON96",233326
"http://w3/conf/sigmod/AdaliCPS96",233327
"http://w3/conf/sigmod/FranklinJK96",233328
"http://w3/conf/sigmod/GrayHOS96",233330
"http://w3/conf/sigmod/HillyerS96",233332
"http://w3/conf/sigmod/HarinarayanRU96",233333
"http://w3/conf/sigmod/RaoBG96",233334
"http://w3/conf/sigmod/LoR96",233337
"http://w3/conf/sigmod/PatelD96",233338
"http://w3/conf/sigmod/PoosalaIHS96",233342
"http://w3/conf/sigmod/DohertyHR96",233344
"http://w3/conf/sigmod/LiskovACDGGMMS96",233346
"http://w3/conf/sigmod/Tajima96",233349
"http://w3/conf/sigmod/GarofalakisI96",233352
"http://w3/conf/sigmod/CookKWZ96",233354
"http://w3/conf/sigmod/McAuliffeCS96",233355
"http://w3/conf/sigmod/CherniackZ96",233356
"http://w3/conf/sigmod/HellersteinN96",233359
"http://w3/conf/sigmod/RossSS96",233361
"http://w3/conf/sigmod/MorpainCFP96",233362
"http://w3/conf/sigmod/GoyalHKMS96",233369
"http://w3/conf/sigmod/FernandezS96",280347
"http://w3/conf/sigmod/Bernstein96",280348
"http://w3/conf/sigmod/Mohan96",280350
"http://w3/conf/sigmod/PiatkoYLS96",280352
"http://w3/conf/sigmod/BohmA96",280353
"http://w3/conf/sigmod/QuassWGHLMNRRAUW96",280355
"http://w3/conf/sigmod/ChooOLCGBPS96",280357
"http://w3/conf/sigmod/DogacHKOONDMAKE96",280358
"http://w3/conf/sigmod/FukudaMMT96a",280359
"http://w3/conf/sigmod/RundensteinerKRCJM96",280361
"http://w3/conf/sigmod/RothAHCCFSTW96",280363
"http://w3/conf/sigmod/BerensonBGMOO95",223785
"http://w3/conf/sigmod/AdyaGLM95",223787
"http://w3/conf/sigmod/Freeston95",223796
"http://w3/conf/sigmod/ShatdalN95",223801
"http://w3/conf/sigmod/FaloutsosL95",223812
"http://w3/conf/sigmod/ParkCY95",223813
"http://w3/conf/sigmod/AcharyaAFZ95",223816
"http://w3/conf/sigmod/GuptaMR95",223817
"http://w3/conf/sigmod/HouZ95",223840
"http://w3/conf/sigmod/IoannidisP95",223841
"http://w3/conf/sigmod/AdelbergGK95",223842
"http://w3/conf/sigmod/DavisonG95",223845
"http://w3/conf/sigmod/LuMSS95",223850
"http://w3/conf/sigmod/BersonGM95",223852
"http://w3/conf/sigmod/AbiteboulCM95",223854
"http://w3/conf/sigmod/BrinDG95",223855
"http://w3/conf/sigmod/Gettys95",223860
"http://w3/conf/sigmod/Hope95",223861
"http://w3/conf/sigmod/Ivinskis95",223862
"http://w3/conf/sigmod/WoelkBJOTU95",223867
"http://w3/conf/sigmod/Squire95",223869
"http://w3/conf/sigmod/Olson95",223873
"http://w3/conf/sigmod/Kleissner95",223875
"http://w3/conf/sigmod/BaruFGHJPW95",223876
"http://w3/conf/sigmod/ImielinskiV95",223885
"http://w3/conf/sigmod/RadekeBBEKKN95",223894
"http://w3/conf/sigmod/MoleskyR95",223786
"http://w3/conf/sigmod/BrodskyK95",223788
"http://w3/conf/sigmod/FegarasM95",223789
"http://w3/conf/sigmod/GardarinMP95",223791
"http://w3/conf/sigmod/RoussopoulosKV95",223794
"http://w3/conf/sigmod/PapadiasTSE95",223798
"http://w3/conf/sigmod/WilschutFA95",223803
"http://w3/conf/sigmod/HernandezS95",223807
"http://w3/conf/sigmod/RamaswamyK95",223809
"http://w3/conf/sigmod/ArefBV95",223811
"http://w3/conf/sigmod/WhiteD95",223814
"http://w3/conf/sigmod/BettiniWBJ95",223843
"http://w3/conf/sigmod/SistlaW95",223844
"http://w3/conf/sigmod/DuSD95",223846
"http://w3/conf/sigmod/BhargavaGI95",223847
"http://w3/conf/sigmod/ZhugeGHW95",223848
"http://w3/conf/sigmod/GriffinL95",223849
"http://w3/conf/sigmod/FreedmanD95",223851
"http://w3/conf/sigmod/DanS95",223853
"http://w3/conf/sigmod/ChaudhuriDY95",223856
"http://w3/conf/sigmod/Team95",223857
"http://w3/conf/sigmod/Team95c",223858
"http://w3/conf/sigmod/Moore95",223859
"http://w3/conf/sigmod/BunemanM95",223863
"http://w3/conf/sigmod/Gray95",223864
"http://w3/conf/sigmod/Ellison95",277954
"http://w3/conf/sigmod/Epstein95",277955
"http://w3/conf/sigmod/Golding95",223865
"http://w3/conf/sigmod/Shyy95",223866
"http://w3/conf/sigmod/Edelstein95",223868
"http://w3/conf/sigmod/Bampahl95",223870
"http://w3/conf/sigmod/French95",223871
"http://w3/conf/sigmod/Perna95",223872
"http://w3/conf/sigmod/Atkinson95",223874
"http://w3/conf/sigmod/Gerber95",223877
"http://w3/conf/sigmod/Levine95",223878
"http://w3/conf/sigmod/MattosM95",223881
"http://w3/conf/sigmod/Sheth95",223882
"http://w3/conf/sigmod/Norrie95",223883
"http://w3/conf/sigmod/Gibson95",223884
"http://w3/conf/sigmod/CeriFPP95",223886
"http://w3/conf/sigmod/ColletC95",223887
"http://w3/conf/sigmod/AshleyFHLNP95",223888
"http://w3/conf/sigmod/BuchmannDZH95",223889
"http://w3/conf/sigmod/MassariPSC95",223890
"http://w3/conf/sigmod/ShklarSKT95",223891
"http://w3/conf/sigmod/ThomasDM95",223892
"http://w3/conf/sigmod/GatziuGD95",223893
"http://w3/conf/sigmod/KeimK95",223895
"http://w3/conf/sigmod/HammerGIPUW95",223896
"http://w3/conf/sigmod/LiC95",223897
"http://w3/conf/sigmod/Team95a",223898
"http://w3/conf/sigmod/Team95b",223899
"http://w3/conf/sigmod/WangZS95",223900
"http://w3/conf/sigmod/GrossmanHQ95",223901
"http://w3/conf/sigmod/DreyerDS95",223902
"http://w3/conf/sigmod/JonkerS95",223903
"http://w3/conf/sigmod/HuangSW94",191845
"http://w3/conf/sigmod/ImielinskiVB94",191846
"http://w3/conf/sigmod/BilirisDGJR94",191848
"http://w3/conf/sigmod/MohanN94",191849
"http://w3/conf/sigmod/ZhangNBB94",191850
"http://w3/conf/sigmod/GibbsBT94",191856
"http://w3/conf/sigmod/WangCMSSZ94",191863
"http://w3/conf/sigmod/ChenR94",191874
"http://w3/conf/sigmod/SwamiS94",191877
"http://w3/conf/sigmod/NybergBCGL94",191884
"http://w3/conf/sigmod/VingralekBW94",191889
"http://w3/conf/sigmod/KrollW94",191891
"http://w3/conf/sigmod/ChristophidesACS94",191901
"http://w3/conf/sigmod/CareyFZ94",191911
"http://w3/conf/sigmod/FaloutsosRM94",191925
"http://w3/conf/sigmod/DarR94",191928
"http://w3/conf/sigmod/Dietterich94",191931
"http://w3/conf/sigmod/Martin94",191936
"http://w3/conf/sigmod/Vaskevitch94",191942
"http://w3/conf/sigmod/BilirisP94",191983
"http://w3/conf/sigmod/BrinkhoffKSS94a",191988
"http://w3/conf/sigmod/Mohan94",191990
"http://w3/conf/sigmod/Jagadish94",191991
"http://w3/conf/sigmod/Ballinger94",191944
"http://w3/conf/sigmod/BarbaraI94",191844
"http://w3/conf/sigmod/Ahn94",191847
"http://w3/conf/sigmod/BersonGMJ94",191852
"http://w3/conf/sigmod/MumickP94",191860
"http://w3/conf/sigmod/GravanoGT94",191869
"http://w3/conf/sigmod/IoannidisL94",191870
"http://w3/conf/sigmod/ColeG94",191872
"http://w3/conf/sigmod/HsiaoCY94",191879
"http://w3/conf/sigmod/BrinkhoffKSS94",191880
"http://w3/conf/sigmod/LoR94",191881
"http://w3/conf/sigmod/PangCL94",191882
"http://w3/conf/sigmod/GraySEBW94",191886
"http://w3/conf/sigmod/DewanSHH94",191893
"http://w3/conf/sigmod/TomasicGS94",191896
"http://w3/conf/sigmod/ConsensM94",191898
"http://w3/conf/sigmod/Hellerstein94",191904
"http://w3/conf/sigmod/KemperMPS94",191906
"http://w3/conf/sigmod/Galindo-Legaria94",191908
"http://w3/conf/sigmod/CookWZ94",191913
"http://w3/conf/sigmod/CareyDFHMNSSTTWZ94",191915
"http://w3/conf/sigmod/WhiteD94",191919
"http://w3/conf/sigmod/McIverK94",191924
"http://w3/conf/sigmod/SeshadriLR94",191926
"http://w3/conf/sigmod/SagonasSW94",191927
"http://w3/conf/sigmod/Carey94",191929
"http://w3/conf/sigmod/DanielsDDEHJJLSSS94",191930
"http://w3/conf/sigmod/GorelikWD94",191932
"http://w3/conf/sigmod/LaursenOP94",191933
"http://w3/conf/sigmod/Kulkarni94",191935
"http://w3/conf/sigmod/Cattell94",191937
"http://w3/conf/sigmod/Kim94",191938
"http://w3/conf/sigmod/Ubell94",191939
"http://w3/conf/sigmod/Pirahesh94",191941
"http://w3/conf/sigmod/Englert94",191945
"http://w3/conf/sigmod/Fernandez94",191947
"http://w3/conf/sigmod/Melling94",191948
"http://w3/conf/sigmod/SinghTW94",191949
"http://w3/conf/sigmod/FlokstraKS94",191951
"http://w3/conf/sigmod/BryanMCLG94",191955
"http://w3/conf/sigmod/MissikoffT94",191958
"http://w3/conf/sigmod/KuhnTS94",191963
"http://w3/conf/sigmod/GrossmanQ94",191965
"http://w3/conf/sigmod/TheodoulidisAACKS94",191967
"http://w3/conf/sigmod/SagonasSW94a",191970
"http://w3/conf/sigmod/DogacAEOADAOS94",197137
"http://w3/conf/sigmod/AgrawalCFGHIIMMSS94",191972
"http://w3/conf/sigmod/CatarciS94",191976
"http://w3/conf/sigmod/HanFHCC94",191979
"http://w3/conf/sigmod/HwangLYMMGCSS94",191986
"http://w3/conf/sigmod/Blakeley94",191989
"http://w3/conf/sigmod/BabcockO03",872764
"http://w3/conf/sigmod/DasGR03",872765
"http://w3/conf/sigmod/WangJLY03",872777
"http://w3/conf/sigmod/DeligiannakisR03",872786
"http://w3/conf/sigmod/BabcockBDM03",872789
"http://w3/conf/sigmod/BenediktCFFR03",872792
"http://w3/conf/sigmod/MiloAABN03",872793
"http://w3/conf/sigmod/FaginKS03",872795
"http://w3/conf/sigmod/ArasuG03",872799
"http://w3/conf/sigmod/ChaudhuriGS03",872802
"http://w3/conf/sigmod/IlyasRLGL03",872803
"http://w3/conf/sigmod/ReissK03",872804
"http://w3/conf/sigmod/LometT03",872806
"http://w3/conf/sigmod/Bierman03",872807
"http://w3/conf/sigmod/SunAA03",872813
"http://w3/conf/sigmod/PapadiasTFS03",872814
"http://w3/conf/sigmod/CuiOTS03",872815
"http://w3/conf/sigmod/DeshpandeNGS03",872818
"http://w3/conf/sigmod/LiBKN03",872820
"http://w3/conf/sigmod/AbiteboulBCMM03",872821
"http://w3/conf/sigmod/BabcockCD03",872822
"http://w3/conf/sigmod/ChengKP03",872823
"http://w3/conf/sigmod/OlstonJW03",872825
"http://w3/conf/sigmod/DeHaanTCO03",872832
"http://w3/conf/sigmod/CranorJSS03",872838
"http://w3/conf/sigmod/ShenNSHS03",872842
"http://w3/conf/sigmod/BornhovdAKMPR03",872849
"http://w3/conf/sigmod/AbadiCCCCEGHMRSSTXYZ03",872855
"http://w3/conf/sigmod/AgrawalK03",872865
"http://w3/conf/sigmod/GuptaLM03",872869
"http://w3/conf/sigmod/JohnsonD03",872875
"http://w3/conf/sigmod/JagatheesanR03",872878
"http://w3/conf/sigmod/Mamoulis03",872778
"http://w3/conf/sigmod/Ullman03",872759
"http://w3/conf/sigmod/Al-KhalifaYJ03",872761
"http://w3/conf/sigmod/GuoSBS03",872762
"http://w3/conf/sigmod/WitkowskiBBDFGSS03",872767
"http://w3/conf/sigmod/LakshmananPZ03",872768
"http://w3/conf/sigmod/SchleimerWA03",872770
"http://w3/conf/sigmod/AgrawalES03",872771
"http://w3/conf/sigmod/SionAP03",872772
"http://w3/conf/sigmod/WangPFY03",872774
"http://w3/conf/sigmod/MinPC03",872775
"http://w3/conf/sigmod/QunLO03",872776
"http://w3/conf/sigmod/Dyreson03",872779
"http://w3/conf/sigmod/ZhuS03",872780
"http://w3/conf/sigmod/MelnikRB03",872782
"http://w3/conf/sigmod/KangN03",872783
"http://w3/conf/sigmod/HeC03",872784
"http://w3/conf/sigmod/CohenM03",872787
"http://w3/conf/sigmod/GangulyGR03",872790
"http://w3/conf/sigmod/ChaudhuriGGM03",872796
"http://w3/conf/sigmod/KementsietsidisAM03",872798
"http://w3/conf/sigmod/StoltePAG03",872800
"http://w3/conf/sigmod/GuptaS03",872809
"http://w3/conf/sigmod/PengC03",872810
"http://w3/conf/sigmod/ZhangZPTL03",872812
"http://w3/conf/sigmod/MaddenFHH03",872817
"http://w3/conf/sigmod/KriegelBKPS03",872828
"http://w3/conf/sigmod/KimC03",872829
"http://w3/conf/sigmod/ChaudhuriKN03",872831
"http://w3/conf/sigmod/PadmanabhanBMCH03",872835
"http://w3/conf/sigmod/GotoK03",872837
"http://w3/conf/sigmod/ZuzartePMCLW03",872840
"http://w3/conf/sigmod/LakshmananPZ03a",872843
"http://w3/conf/sigmod/OoiTZGLLLNSWZ03",872845
"http://w3/conf/sigmod/LarsonG03",872848
"http://w3/conf/sigmod/AgichteinG03",872851
"http://w3/conf/sigmod/Amer-YahiaFSX03",872852
"http://w3/conf/sigmod/DeshpandeNGS03a",872856
"http://w3/conf/sigmod/ChandrasekaranCDFHHKMRS03",872857
"http://w3/conf/sigmod/ChoALS03",872859
"http://w3/conf/sigmod/ZhouWGGZWXYF03",872860
"http://w3/conf/sigmod/ZhangDWEMPMDR03",872861
"http://w3/conf/sigmod/PaparizosACJLNPSWWY03",872862
"http://w3/conf/sigmod/BohannonDGKLNS03",872863
"http://w3/conf/sigmod/ZhuSZ03",872866
"http://w3/conf/sigmod/SengarH03",872867
"http://w3/conf/sigmod/KornMZ03",872868
"http://w3/conf/sigmod/KoudasS03",872871
"http://w3/conf/sigmod/GraySSU03",872873
"http://w3/conf/sigmod/Chamberlin03",872877
"http://w3/conf/sigmod/BunemanKTT02",564693
"http://w3/conf/sigmod/RiedewaldAA02",564694
"http://w3/conf/sigmod/KalnisNOPT02",564695
"http://w3/conf/sigmod/MaddenSHR02",564698
"http://w3/conf/sigmod/OlstonW02",564701
"http://w3/conf/sigmod/ZadorozhnyRVUB02",564702
"http://w3/conf/sigmod/Grust02",564705
"http://w3/conf/sigmod/ChungMS02",564706
"http://w3/conf/sigmod/KaushikBNK02",564707
"http://w3/conf/sigmod/HacigumusILM02",564717
"http://w3/conf/sigmod/LuoEHN02",564721
"http://w3/conf/sigmod/BrunoC02",564722
"http://w3/conf/sigmod/Ramanan02",564726
"http://w3/conf/sigmod/VriesMNK02",564729
"http://w3/conf/sigmod/GaoW02",564734
"http://w3/conf/sigmod/MoonWH02",564735
"http://w3/conf/sigmod/WangWYY02",564737
"http://w3/conf/sigmod/ProcopiucJAM02",564739
"http://w3/conf/sigmod/ThaperGIK02",564741
"http://w3/conf/sigmod/Aggarwal02",564743
"http://w3/conf/sigmod/SismanisDRK02",564745
"http://w3/conf/sigmod/ChaudhuriGN02",564747
"http://w3/conf/sigmod/BhattacharyaMBNHS02",564749
"http://w3/conf/sigmod/DogacTPPLKTK02",564750
"http://w3/conf/sigmod/BumbulisB02",564753
"http://w3/conf/sigmod/Weininger02",564754
"http://w3/conf/sigmod/RaoZML02",564757
"http://w3/conf/sigmod/AltinelLKMPLWB02",564765
"http://w3/conf/sigmod/KarbhariRXD02",564773
"http://w3/conf/sigmod/WangTYGWP02",564774
"http://w3/conf/sigmod/FungSG02",564775
"http://w3/conf/sigmod/MaddenH02",564776
"http://w3/conf/sigmod/CranorGJSS02",564777
"http://w3/conf/sigmod/HanWDPW02",564781
"http://w3/conf/sigmod/AgrawalCD02",564782
"http://w3/conf/sigmod/PhanN02",564783
"http://w3/conf/sigmod/HinneburgKW02",564784
"http://w3/conf/sigmod/HellersteinW02",564788
"http://w3/conf/sigmod/Bonnet02",564790
"http://w3/conf/sigmod/ShashaB02a",564798
"http://w3/conf/sigmod/ShashaB02",564799
"http://w3/conf/sigmod/ViglasN02",564697
"http://w3/conf/sigmod/DobraGGR02",564699
"http://w3/conf/sigmod/DattaDTVSR02",564703
"http://w3/conf/sigmod/ZhouR02",564709
"http://w3/conf/sigmod/ChenGMV02",564710
"http://w3/conf/sigmod/LiGS02",564711
"http://w3/conf/sigmod/FreireHRRS02",564713
"http://w3/conf/sigmod/PapakonstantinouPV02",564714
"http://w3/conf/sigmod/TatarinovVBSSZ02",564715
"http://w3/conf/sigmod/GillmannWW02",564718
"http://w3/conf/sigmod/DasuJMS02",564719
"http://w3/conf/sigmod/RamanH02",564723
"http://w3/conf/sigmod/GuhaJKSY02",564725
"http://w3/conf/sigmod/BrunoKS02",564727
"http://w3/conf/sigmod/TaoP02",564730
"http://w3/conf/sigmod/ChangH02",564731
"http://w3/conf/sigmod/PolyzotisG02",564733
"http://w3/conf/sigmod/YangWYH02",564738
"http://w3/conf/sigmod/ChoiC02",564742
"http://w3/conf/sigmod/GarofalakisG02",564746
"http://w3/conf/sigmod/JosifovskiSHL02",564751
"http://w3/conf/sigmod/KanthRA02",564755
"http://w3/conf/sigmod/SzalayGTKMRSv02",564758
"http://w3/conf/sigmod/PossSKL02",564759
"http://w3/conf/sigmod/Team02",564761
"http://w3/conf/sigmod/AntonJLPZZ02",564762
"http://w3/conf/sigmod/LuoKMPWLN02",564763
"http://w3/conf/sigmod/MarklL02",564766
"http://w3/conf/sigmod/ZhangMCMR02",564767
"http://w3/conf/sigmod/TheobaldW02",564768
"http://w3/conf/sigmod/BarbosaMKL02",564769
"http://w3/conf/sigmod/AbadiC02",564770
"http://w3/conf/sigmod/ChenRW02",564771
"http://w3/conf/sigmod/CrescenziMM02",564778
"http://w3/conf/sigmod/FlorescuGKR02",564779
"http://w3/conf/sigmod/LuWYBLY02",564785
"http://w3/conf/sigmod/RundensteinerWYD02",564786
"http://w3/conf/sigmod/Cotton02",564792
"http://w3/conf/sigmod/GarofalakisGR02",564794
"http://w3/conf/sigmod/Mohan02",564796
"http://w3/conf/sigmod/Bussler02",564801
"http://w3/conf/sigmod/Aggarwal03",872826
"http://w3/conf/sigmod/LiuFP03",872846
"http://w3/conf/sigmod/ArasuBBDIRW03",872854
"http://w3/journals/sigmod/Date03",959061
"http://w3/journals/sigmod/Snodgrass03c",959062
"http://w3/journals/sigmod/BonnetBDL03",959067
"http://w3/journals/sigmod/AilamakiFFSV03",959069
"http://w3/journals/sigmod/KannanKIK03",959071
"http://w3/journals/sigmod/PalpanasPKG03",959074
"http://w3/journals/sigmod/Aberer03d",959078
"http://w3/journals/sigmod/Kumar03",959064
"http://w3/journals/sigmod/HellersteinHM03",959065
"http://w3/journals/sigmod/Mani03",959066
"http://w3/journals/sigmod/ChengP03",959068
"http://w3/journals/sigmod/DemersGRTY03",959070
"http://w3/journals/sigmod/TanK03",959072
"http://w3/journals/sigmod/GerlaX03",959073
"http://w3/journals/sigmod/CalvaneseGLV03",959076
"http://w3/journals/sigmod/WangD03",959079
"http://w3/journals/sigmod/GalianoM03",959080
"http://w3/journals/sigmod/Wiegand03",959081
"http://w3/journals/sigmod/LenzVJS03",959083
"http://w3/journals/sigmod/Giorgini03",959084
"http://w3/journals/sigmod/MotroA03",959085
"http://w3/journals/sigmod/KambhampatiK03",959086
"http://w3/journals/sigmod/Hainaut03",959087
"http://w3/journals/sigmod/NascimentoSP03",945722
"http://w3/journals/sigmod/AilamakiH03",945725
"http://w3/journals/sigmod/NejdlSS03",945731
"http://w3/journals/sigmod/PitouraAPSV03",945737
"http://w3/journals/sigmod/Snodgrass03b",945723
"http://w3/journals/sigmod/Halevy03",945724
"http://w3/journals/sigmod/Aberer03c",945727
"http://w3/journals/sigmod/BawaCCDGGKMSSVY03",945728
"http://w3/journals/sigmod/AbererCDDHPS03",945729
"http://w3/journals/sigmod/Hellerstein03",945730
"http://w3/journals/sigmod/TatarinovIMHSDDKMM03",945732
"http://w3/journals/sigmod/ArenasKKKMM03",945733
"http://w3/journals/sigmod/OoiST03",945734
"http://w3/journals/sigmod/Ouksel03",945735
"http://w3/journals/sigmod/KoubarakisTID03",945736
"http://w3/journals/sigmod/MalaikaEM03",945739
"http://w3/journals/sigmod/Anisimov03",945741
"http://w3/journals/sigmod/JukicNV03",776987
"http://w3/journals/sigmod/MukhopadhyayGS03",776989
"http://w3/journals/sigmod/Aberer03b",776994
"http://w3/journals/sigmod/Vianu03",776999
"http://w3/journals/sigmod/GolabO03",776986
"http://w3/journals/sigmod/GottlobKP03a",776988
"http://w3/journals/sigmod/dOnofrioP03",776990
"http://w3/journals/sigmod/FifeG03",776991
"http://w3/journals/sigmod/CaleroPR03",776992
"http://w3/journals/sigmod/Hoffner03",776995
"http://w3/journals/sigmod/Nascimento03",776996
"http://w3/journals/sigmod/Stirling03",776997
"http://w3/journals/sigmod/ChongFTSYKDJJ03",777000
"http://w3/journals/sigmod/CampbellEM03",777002
"http://w3/journals/sigmod/AilamakiG03",777004
"http://w3/journals/sigmod/Chang03",640993
"http://w3/journals/sigmod/WenLMZ03",640994
"http://w3/journals/sigmod/BertinoEH03",640995
"http://w3/journals/sigmod/David03",640996
"http://w3/journals/sigmod/MarchiLPT03",640997
"http://w3/journals/sigmod/ChakravarthyAEFO03",641006
"http://w3/journals/sigmod/OConnellW03",640991
"http://w3/journals/sigmod/GottlobKP03",640992
"http://w3/journals/sigmod/RossGN03",641001
"http://w3/journals/sigmod/LacroixB03",641003
"http://w3/journals/sigmod/SpynsMJ02",637413
"http://w3/journals/sigmod/BusslerFM02",637415
"http://w3/journals/sigmod/MaximilienS02",637417
"http://w3/journals/sigmod/AbererCH02",637419
"http://w3/journals/sigmod/GroskySF02",637420
"http://w3/journals/sigmod/Aberer02c",637424
"http://w3/journals/sigmod/ShethM02",637430
"http://w3/journals/sigmod/MeltonE02",637433
"http://w3/journals/sigmod/SureSS02",637414
"http://w3/journals/sigmod/FininJ02",637416
"http://w3/journals/sigmod/AnyanwuS02",637418
"http://w3/journals/sigmod/ButtlerCCFHLPRX02",637421
"http://w3/journals/sigmod/GobleR02a",637422
"http://w3/journals/sigmod/Wu02",637426
"http://w3/journals/sigmod/Grohe02",637428
"http://w3/journals/sigmod/BoucelmaCGJLL02",637431
"http://w3/journals/sigmod/RoantreeS02",637435
"http://w3/journals/sigmod/HalkidiBV02a",601862
"http://w3/journals/sigmod/HuangKL02",601863
"http://w3/journals/sigmod/Aberer02b",601865
"http://w3/journals/sigmod/Neven02",601869
"http://w3/journals/sigmod/WinslettCDHZZ02",601881
"http://w3/journals/sigmod/Hammer02a",601859
"http://w3/journals/sigmod/YaoG02",601861
"http://w3/journals/sigmod/Weikum02",601867
"http://w3/journals/sigmod/LightstoneLZ02",601873
"http://w3/journals/sigmod/RossAJS02",601875
"http://w3/journals/sigmod/MeltonMJKS02",601877
"http://w3/journals/sigmod/LuoI02",601879
"http://w3/journals/sigmod/CruzKLSWY02",601882
"http://w3/journals/sigmod/SlivinskasJS02",565119
"http://w3/journals/sigmod/PourabbasR02",565121
"http://w3/journals/sigmod/HalkidiBV02",565124
"http://w3/journals/sigmod/Camps02",565125
"http://w3/journals/sigmod/Aberer02a",565129
"http://w3/journals/sigmod/LaenderRST02",565137
"http://w3/journals/sigmod/Fagin02",565143
"http://w3/journals/sigmod/OrlandicLS02",565120
"http://w3/journals/sigmod/Wiegand02",565122
"http://w3/journals/sigmod/Kosch02",565123
"http://w3/journals/sigmod/Konig-RiesMMPPRSVW02",565134
"http://w3/journals/sigmod/Hammer02",565135
"http://w3/journals/sigmod/BargaL02",565139
"http://w3/journals/sigmod/EisenbergM02",565141
"http://w3/journals/sigmod/CiliaB02",507344
"http://w3/journals/sigmod/HummerLW02",507345
"http://w3/journals/sigmod/Kim02",507346
"http://w3/journals/sigmod/ErdurD02",507349
"http://w3/journals/sigmod/Aberer02",507353
"http://w3/journals/sigmod/Kemper02",507354
"http://w3/journals/sigmod/TianDCZ02",507341
"http://w3/journals/sigmod/Cingil02",507342
"http://w3/journals/sigmod/SommerGB02",507343
"http://w3/journals/sigmod/CuiJO02",507347
"http://w3/journals/sigmod/QuixSJ02",507348
"http://w3/journals/sigmod/BallMRZ02",507350
"http://w3/journals/sigmod/Bussler02",507351
"http://w3/journals/sigmod/Suciu02",507360
"http://w3/journals/sigmod/Stonebraker02",507362
"http://w3/journals/sigmod/RossKMV02",507364
"http://w3/journals/sigmod/GobleR02",507366
"http://w3/journals/sigmod/Snodgrass02",507369
"http://w3/journals/sigmod/StolfoLCFE01",604267
"http://w3/journals/sigmod/BarbaraCJW01",604268
"http://w3/journals/sigmod/CabreraLM01",604269
"http://w3/journals/sigmod/Aberer01a",604274
"http://w3/journals/sigmod/Cardelli01",604278
"http://w3/journals/sigmod/Barbara01",604266
"http://w3/journals/sigmod/LeeF01",604270
"http://w3/journals/sigmod/SayginVC01",604271
"http://w3/journals/sigmod/VelACM01",604272
"http://w3/journals/sigmod/MeltonE01",604280
"http://w3/journals/sigmod/ShahMFH01",604282
"http://w3/journals/sigmod/Cetintemel01",604284
"http://w3/journals/sigmod/ShethMKA01",604286
"http://w3/journals/sigmod/Aberer01",603869
"http://w3/journals/sigmod/ShanmugasundaramSKKVNT01",603871
"http://w3/journals/sigmod/Huyn01",603880
"http://w3/journals/sigmod/BabuW01",603884
"http://w3/journals/sigmod/LabrinidisM01",603886
"http://w3/journals/sigmod/Fankhauser01",603870
"http://w3/journals/sigmod/SchmidtWKFCMB01",603872
"http://w3/journals/sigmod/HanBP01",603873
"http://w3/journals/sigmod/Suciu01",603874
"http://w3/journals/sigmod/ChienTZ01",603875
"http://w3/journals/sigmod/LudascherMM01",603876
"http://w3/journals/sigmod/Lomet01",603878
"http://w3/journals/sigmod/TanakaV01",603879
"http://w3/journals/sigmod/RossHKRRSS01",603882
"http://w3/journals/sigmod/BiancheriPP01",373631
"http://w3/journals/sigmod/BunemanFSW01",373697
"http://w3/journals/sigmod/Aggarwal01",373638
"http://w3/journals/sigmod/LawderK01",373678
"http://w3/journals/sigmod/PuSW01",373680
"http://w3/journals/sigmod/BertinoEH01",373684
"http://w3/journals/sigmod/FengJH01",373691
"http://w3/journals/sigmod/RossCGLLM01",604262
"http://w3/journals/sigmod/Critchlow01",373699
"http://w3/journals/sigmod/CarmelMS01",373705
"http://w3/journals/sigmod/BoscMP01",373708
"http://w3/journals/sigmod/MeltonMJKSZ01",373709
"http://w3/journals/sigmod/MillerHHYHFP01",373713
"http://w3/journals/sigmod/YuenCLL00",369282
"http://w3/journals/sigmod/BernsteinHP00",369289
"http://w3/journals/sigmod/PossasMCR00",369278
"http://w3/journals/sigmod/RashidS00",369281
"http://w3/journals/sigmod/Halevy00",369284
"http://w3/journals/sigmod/RossIJP00",602302
"http://w3/journals/sigmod/Jhingran00",369287
"http://w3/journals/sigmod/PoessF00",369291
"http://w3/journals/sigmod/TheodoridisN00",362104
"http://w3/journals/sigmod/Bussche00",362136
"http://w3/journals/sigmod/LeeC00",362140
"http://w3/journals/sigmod/LudwigG00",362094
"http://w3/journals/sigmod/WuY00",362096
"http://w3/journals/sigmod/ArpinarD00",362098
"http://w3/journals/sigmod/ClementiniF00",362101
"http://w3/journals/sigmod/WestmannKHM00",362137
"http://w3/journals/sigmod/VetterliVS00",362138
"http://w3/journals/sigmod/Palpanas00",362142
"http://w3/journals/sigmod/RoddickABDEGHLMMMW00",344789
"http://w3/journals/sigmod/LabrinidisR00",344794
"http://w3/journals/sigmod/PourabbasR00",344799
"http://w3/journals/sigmod/Vassilakis00",344803
"http://w3/journals/sigmod/LiefkeS00",344815
"http://w3/journals/sigmod/BonifatiC00",344822
"http://w3/journals/sigmod/PaepckeGRC00",344828
"http://w3/journals/sigmod/DongS00",344808
"http://w3/journals/sigmod/EisenbergM00",344819
"http://w3/journals/sigmod/GatziuJSV99",344825
"http://w3/journals/sigmod/KempsterST99",344843
"http://w3/journals/sigmod/JacobS99",344857
"http://w3/journals/sigmod/VassiliadisS99",344869
"http://w3/journals/sigmod/Etzion99",344820
"http://w3/journals/sigmod/HansonN99",344839
"http://w3/journals/sigmod/Libkin99",344850
"http://w3/journals/sigmod/Abiteboul99",344853
"http://w3/journals/sigmod/MusickC99",344860
"http://w3/journals/sigmod/EisenbergM99a",344864
"http://w3/journals/sigmod/ConradHHKRSS99",333608
"http://w3/journals/sigmod/FrankGGJKLMNPSSSTW99",333609
"http://w3/journals/sigmod/BoulosO99",333610
"http://w3/journals/sigmod/RosenthalS99",333611
"http://w3/journals/sigmod/RamDD99",333613
"http://w3/journals/sigmod/PapianiWDN99",333614
"http://w3/journals/sigmod/DomenigD99",333615
"http://w3/journals/sigmod/GruenwaldBDGSSV99",333616
"http://w3/journals/sigmod/YauLMS99",333612
"http://w3/journals/sigmod/PapazoglouH99",309886
"http://w3/journals/sigmod/SycaraKWL99",309895
"http://w3/journals/sigmod/FowlerPNB99",310060
"http://w3/journals/sigmod/SouzaS99",310063
"http://w3/journals/sigmod/CeriFP99",310064
"http://w3/journals/sigmod/KuanL99",310065
"http://w3/journals/sigmod/Mackay99",309852
"http://w3/journals/sigmod/ForteHWDCVHFS99",309870
"http://w3/journals/sigmod/SmithO99",309878
"http://w3/journals/sigmod/Hampapur99",309883
"http://w3/journals/sigmod/BergamaschiCV99",309897
"http://w3/journals/sigmod/Gal99",310061
"http://w3/journals/sigmod/NascimentoM99",310062
"http://w3/journals/sigmod/RoantreeMH99",310066
"http://w3/journals/sigmod/ShethBS99",310067
"http://w3/journals/sigmod/CareyS99",310071
"http://w3/journals/sigmod/EisenbergM99",310075
"http://w3/journals/sigmod/Danish98",306103
"http://w3/journals/sigmod/DogacDATKCD98",306109
"http://w3/journals/sigmod/JenningsNF98",306112
"http://w3/journals/sigmod/ReichB98",306115
"http://w3/journals/sigmod/BollKB98",306119
"http://w3/journals/sigmod/BuchnerM98",306124
"http://w3/journals/sigmod/Domingo-FerrerH98",306129
"http://w3/journals/sigmod/BichlerSZ98",306102
"http://w3/journals/sigmod/MeltzerC98",306105
"http://w3/journals/sigmod/ChristoffelPSL98",306133
"http://w3/journals/sigmod/BernsteinBCDFGGHHJLMNPSU98",306137
"http://w3/journals/sigmod/Ritter98",306141
"http://w3/journals/sigmod/EisenbergM98a",306144
"http://w3/journals/sigmod/CheungF98",290596
"http://w3/journals/sigmod/GriffinK98",290597
"http://w3/journals/sigmod/Lomet98",290598
"http://w3/journals/sigmod/KeetonPH98",290602
"http://w3/journals/sigmod/FlorescuLM98",290605
"http://w3/journals/sigmod/ChangGKRS98",290607
"http://w3/journals/sigmod/BorgidaCS98",290595
"http://w3/journals/sigmod/SnodgrassGIMSU98",290599
"http://w3/journals/sigmod/KappelR98",290601
"http://w3/journals/sigmod/EisenbergM98",290604
"http://w3/journals/sigmod/LometBCLN98",290608
"http://w3/journals/sigmod/BurtonM98",273254
"http://w3/journals/sigmod/TsotrasJS98",273258
"http://w3/journals/sigmod/Chaudhri98",273247
"http://w3/journals/sigmod/MusickM98",273249
"http://w3/journals/sigmod/Seshadri98",273251
"http://w3/journals/sigmod/Roussopoulos98",273253
"http://w3/journals/sigmod/GatziuKBF98",273255
"http://w3/journals/sigmod/KuokFW98",273257
"http://w3/journals/sigmod/Snodgrass98a",390004
"http://w3/journals/sigmod/ChangASS98",273264
"http://w3/journals/sigmod/KoksalAD98",273265
"http://w3/journals/sigmod/Manola98",273267
"http://w3/journals/sigmod/Rosenthal98",273270
"http://w3/journals/sigmod/Bernstein98",273271
"http://w3/journals/sigmod/Han98",273273
"http://w3/journals/sigmod/NadoH97",271083
"http://w3/journals/sigmod/Suciu97",271077
"http://w3/journals/sigmod/AshishK97",271078
"http://w3/journals/sigmod/AtzeniMM97",271080
"http://w3/journals/sigmod/McHughW97",271082
"http://w3/journals/sigmod/NestorovAM97",271084
"http://w3/journals/sigmod/BaaderJN97",274461
"http://w3/journals/sigmod/McClatcheyV97",271087
"http://w3/journals/sigmod/ConradEHRSSSV97",271089
"http://w3/journals/sigmod/GuptaHR97",271093
"http://w3/journals/sigmod/GrayG97",271094
"http://w3/journals/sigmod/JajodiaBBKMSW97",271095
"http://w3/journals/sigmod/DadamK97",271096
"http://w3/journals/sigmod/FernandezFLS97",262763
"http://w3/journals/sigmod/HadzilacosT97",262766
"http://w3/journals/sigmod/JukicV97",262767
"http://w3/journals/sigmod/SilberschatzZ97",262768
"http://w3/journals/sigmod/BarbaraS97",262764
"http://w3/journals/sigmod/ClementLGMK97",262765
"http://w3/journals/sigmod/RamamrithamS97",262769
"http://w3/journals/sigmod/McHughAGQW97",262770
"http://w3/journals/sigmod/Konig-RiesL97",262771
"http://w3/journals/sigmod/FrewD97",248609
"http://w3/journals/sigmod/RosenthalHRS97",248612
"http://w3/journals/sigmod/Fong97",248614
"http://w3/journals/sigmod/RamanathanH97",248615
"http://w3/journals/sigmod/ChaudhuriD97",248616
"http://w3/journals/sigmod/AbelTK97",248605
"http://w3/journals/sigmod/TomasicS97",248606
"http://w3/journals/sigmod/KramerNKRLKLZ97",248607
"http://w3/journals/sigmod/RiekertMW97",248608
"http://w3/journals/sigmod/Gardels97",248610
"http://w3/journals/sigmod/KaradimitriouT97",248613
"http://w3/journals/sigmod/DoanPSB97",248617
"http://w3/journals/sigmod/Qian97",248618
"http://w3/journals/sigmod/Date96",245885
"http://w3/journals/sigmod/Ioannidis96",245890
"http://w3/journals/sigmod/KennedyMB96",245895
"http://w3/journals/sigmod/HasanMV96",245900
"http://w3/journals/sigmod/CoxEH96",245901
"http://w3/journals/sigmod/AtkinsonDJPS96",245905
"http://w3/journals/sigmod/Darwen96",245886
"http://w3/journals/sigmod/RafanelliBT96",245887
"http://w3/journals/sigmod/TaninBS96",245891
"http://w3/journals/sigmod/Ahlberg96",245893
"http://w3/journals/sigmod/Keim96",245896
"http://w3/journals/sigmod/SantucciT96",245898
"http://w3/journals/sigmod/ShethGJRSWW96",245903
"http://w3/journals/sigmod/Sidell96",245906
"http://w3/journals/sigmod/Eisenberg96",245907
"http://w3/journals/sigmod/Bhashyam96",245908
"http://w3/journals/sigmod/Qian96b",245909
"http://w3/journals/sigmod/Camps96",234890
"http://w3/journals/sigmod/ZobelMR96",234891
"http://w3/journals/sigmod/BrunieK96",234895
"http://w3/journals/sigmod/ACT-NET96",234896
"http://w3/journals/sigmod/NormanZT96",234892
"http://w3/journals/sigmod/GerlhofKM96",234893
"http://w3/journals/sigmod/HasanFV96",234894
"http://w3/journals/sigmod/BestavrosLS96",234897
"http://w3/journals/sigmod/BilirisP96",234898
"http://w3/journals/sigmod/Dogac96",234900
"http://w3/journals/sigmod/Colliat96",234901
"http://w3/journals/sigmod/DAndreaJ96",234902
"http://w3/journals/sigmod/Qian96a",234903
"http://w3/journals/sigmod/Bestavros96",381860
"http://w3/journals/sigmod/UlusoyB96",381876
"http://w3/journals/sigmod/LinP96",381878
"http://w3/journals/sigmod/AndlerHEMBE96",381881
"http://w3/journals/sigmod/SilberschatzSU96",381886
"http://w3/journals/sigmod/PhatakSSS96",381897
"http://w3/journals/sigmod/RamamrithamSSTX96",381868
"http://w3/journals/sigmod/HaritsaS96",381870
"http://w3/journals/sigmod/KuoM96",381873
"http://w3/journals/sigmod/SonDT96",381879
"http://w3/journals/sigmod/AdelbergKG96",381882
"http://w3/journals/sigmod/BerndtssonH96",381889
"http://w3/journals/sigmod/Baeza-YatesN96",381890
"http://w3/journals/sigmod/FreemanG96",381893
"http://w3/journals/sigmod/Wade96",381895
"http://w3/journals/sigmod/UrbanDG96",381892
"http://w3/journals/sigmod/Anonymous96",381900
"http://w3/journals/sigmod/Qian96",381901
"http://w3/journals/sigmod/NobleS95",219730
"http://w3/journals/sigmod/BhargavaAP95",219746
"http://w3/journals/sigmod/Ulusoy95",219751
"http://w3/journals/sigmod/DrewHKKLLLSW95",219769
"http://w3/journals/sigmod/DunhamH95a",219727
"http://w3/journals/sigmod/ElmagarmidJF95",219735
"http://w3/journals/sigmod/WolfsonSDNR95",219737
"http://w3/journals/sigmod/AlonsoCIM95",219742
"http://w3/journals/sigmod/SegevJS95",219754
"http://w3/journals/sigmod/Bohlen95",219758
"http://w3/journals/sigmod/EnglertGH95",219760
"http://w3/journals/sigmod/VenkatraoP95",219763
"http://w3/journals/sigmod/SellisV95",219766
"http://w3/journals/sigmod/Qian95b",219772
"http://w3/journals/sigmod/Stacey95",219774
"http://w3/journals/sigmod/Finkelstein95",219777
"http://w3/journals/sigmod/DoanPK95",212003
"http://w3/journals/sigmod/LeeCL95",212011
"http://w3/journals/sigmod/Wong95",212013
"http://w3/journals/sigmod/PitouraB95",212015
"http://w3/journals/sigmod/RisheSBDOALOSS95",212019
"http://w3/journals/sigmod/RosenthalSMBTL95",212020
"http://w3/journals/sigmod/Richey95",212024
"http://w3/journals/sigmod/AbiteboulH95",211994
"http://w3/journals/sigmod/MaelbranckeO95",211999
"http://w3/journals/sigmod/ONeilG95",212001
"http://w3/journals/sigmod/Fong95",212007
"http://w3/journals/sigmod/Lee95",212008
"http://w3/journals/sigmod/KokkotosIPS95",212014
"http://w3/journals/sigmod/GamacheS95",212016
"http://w3/journals/sigmod/DogacDKOONEHAKKM95",212017
"http://w3/journals/sigmod/YanG95",212018
"http://w3/journals/sigmod/Qian95a",212022
"http://w3/journals/sigmod/KimballS95",212023
"http://w3/journals/sigmod/Zhang95",202661
"http://w3/journals/sigmod/Hanna95",202664
"http://w3/journals/sigmod/Chaudhri95",202668
"http://w3/journals/sigmod/JaegerF95",202669
"http://w3/journals/sigmod/BerraNT95",202670
"http://w3/journals/sigmod/MedskerCS95",202673
"http://w3/journals/sigmod/DogacAOD95",202662
"http://w3/journals/sigmod/KarlapalemLS95",202663
"http://w3/journals/sigmod/NgH95",202665
"http://w3/journals/sigmod/Jannink95",202666
"http://w3/journals/sigmod/DarwenD95",202667
"http://w3/journals/sigmod/Jarke95",202671
"http://w3/journals/sigmod/SchlageterBHMSW95",202672
"http://w3/journals/sigmod/Bertram94",190631
"http://w3/journals/sigmod/ShinM94",190633
"http://w3/journals/sigmod/KiyokiKH94",190639
"http://w3/journals/sigmod/BohmR94",190635
"http://w3/journals/sigmod/JainH94",190638
"http://w3/journals/sigmod/AndersonS94",190642
"http://w3/journals/sigmod/GroskyFS94",190644
"http://w3/journals/sigmod/GlavitschSW94",190645
"http://w3/journals/sigmod/ChenHKPW94",190646
"http://w3/journals/sigmod/BarclayBGS94",190647
"http://w3/journals/sigmod/MattosD94",190648
"http://w3/journals/sigmod/SnodgrassAABCDEGJKKKLLRSSS94a",187449
"http://w3/journals/sigmod/Chen94",187460
"http://w3/journals/sigmod/Group94",187439
"http://w3/journals/sigmod/Datta94",187442
"http://w3/journals/sigmod/Klein94",187445
"http://w3/journals/sigmod/YeungHL94",187447
"http://w3/journals/sigmod/BarbaraBFLS94",187455
"http://w3/journals/sigmod/Widom94",187457
"http://w3/journals/sigmod/RamirezSP94",187458
"http://w3/journals/sigmod/Qian94",187462
"http://w3/journals/sigmod/Yang94",181554
"http://w3/journals/sigmod/JensenCEGHJ94",181560
"http://w3/journals/sigmod/BunemanLSTW94",181564
"http://w3/journals/sigmod/MedeirosP94",181566
"http://w3/journals/sigmod/Stonebraker94",181551
"http://w3/journals/sigmod/DreyerDS94",181553
"http://w3/journals/sigmod/DiazJPa94",181555
"http://w3/journals/sigmod/PissinouSEMOPSTD94",181557
"http://w3/journals/sigmod/SnodgrassAABCDEGJKKKLLRSSS94",181562
"http://w3/journals/sigmod/Loeffen94",181565
"http://w3/journals/sigmod/NorrieBSW94",181567
"http://w3/journals/sigmod/Gallagher94",181568
"http://w3/journals/sigmod/Winslett94",181569
"http://w3/journals/tods/TaoSP03",958943
"http://w3/journals/tods/LakshmananLN03",958944
"http://w3/journals/tods/ChoG03",958945
"http://w3/journals/tods/Chomicki03",958946
"http://w3/journals/tods/DiaoAFZF03",958947
"http://w3/journals/tods/HjaltasonS03",958948
"http://w3/journals/tods/WijesekeraJPH03",937599
"http://w3/journals/tods/JacoxS03",937600
"http://w3/journals/tods/Jimenez-PerisPAK03",937601
"http://w3/journals/tods/TaoP03",777944
"http://w3/journals/tods/GunopulosKMSTS03",777945
"http://w3/journals/tods/LechtenborgerV03",777946
"http://w3/journals/tods/BeneventanoBS03",762472
"http://w3/journals/tods/KarpSP03",762473
"http://w3/journals/tods/MelnikG03",762474
"http://w3/journals/tods/MayL02",582411
"http://w3/journals/tods/CiacciaP02",582412
"http://w3/journals/tods/FernandezKSMT02",582413
"http://w3/journals/tods/CaldersNW02",581752
"http://w3/journals/tods/GibbonsMP02",581753
"http://w3/journals/tods/TaoPZ02",581754
"http://w3/journals/tods/ChakrabartiKMP02",568520
"http://w3/journals/tods/BrunoCG02",568519
"http://w3/journals/tods/Suciu02",507235
"http://w3/journals/tods/SchuldtABS02",507236
"http://w3/journals/tods/LiuDL02",507237
"http://w3/journals/tods/ChomickiTB01",383892
"http://w3/journals/tods/FukudaMMT01",383893
"http://w3/journals/tods/JajodiaSSS01",383894
"http://w3/journals/tods/AndriesCPB01",383735
"http://w3/journals/tods/DekhtyarRS01",383736
"http://w3/journals/tods/HsuSY01",383737
"http://w3/journals/tods/BohlenJS00",377665
"http://w3/journals/tods/FegarasM00",377676
"http://w3/journals/tods/KossmannFDA00",377677
"http://w3/journals/tods/KemmeA00",363955
"http://w3/journals/tods/Meo00",363956
"http://w3/journals/tods/BaralisW00",363954
"http://w3/journals/tods/CuiWW00",357777
"http://w3/journals/tods/ParsonsW00",357778
"http://w3/journals/tods/Bohm00",357776
"http://w3/journals/tods/KossmannS00",352982
"http://w3/journals/tods/Lerner00",352983
"http://w3/journals/tods/GutingBEJLSV00",352963
"http://w3/journals/tods/DeySB99",331984
"http://w3/journals/tods/MuralidharS99",331986
"http://w3/journals/tods/WandSW99",331989
"http://w3/journals/tods/YanG99",331992
"http://w3/journals/tods/Alagic99",328943
"http://w3/journals/tods/BozkayaO99",328959
"http://w3/journals/tods/CasatiCPP99",328996
"http://w3/journals/tods/ChaudhuriS99",320249
"http://w3/journals/tods/GravanoGT99",320252
"http://w3/journals/tods/HjaltasonS99",320255
"http://w3/journals/tods/DattaVCK99",310710
"http://w3/journals/tods/Wijsen99",310715
"http://w3/journals/tods/LeveneL99",310712
"http://w3/journals/tods/KonopnickiS98",277639
"http://w3/journals/tods/SistlaWYS98",277641
"http://w3/journals/tods/ZobelMR98",277632
"http://w3/journals/tods/BertinoBFS98",293151
"http://w3/journals/tods/CastanoAFP98",293150
"http://w3/journals/tods/FormicaGM98",293152
"http://w3/journals/tods/Hellerstein98",277627
"http://w3/journals/tods/LiuHD98",277628
"http://w3/journals/tods/MehrotraRKS98",277629
"http://w3/journals/tods/DyresonS98",288087
"http://w3/journals/tods/Revesz98",288088
"http://w3/journals/tods/StolboushkinT98",288089
"http://w3/journals/tods/StoreyCDGS97",278246
"http://w3/journals/tods/TariSS97",278247
"http://w3/journals/tods/ZaharioudakisCF97",278249
"http://w3/journals/tods/FranklinCL97",261125
"http://w3/journals/tods/EiterGM97",261126
"http://w3/journals/tods/LakshmananLRS97",261131
"http://w3/journals/tods/WangBBJ97",249979
"http://w3/journals/tods/AmmannJR97",249981
"http://w3/journals/tods/WolfsonJH97",249982
"http://w3/journals/tods/CliffordDIJS97",249980
"http://w3/journals/tods/Galindo-LegariaR97",244812
"http://w3/journals/tods/PetersO97",244813
"http://w3/journals/tods/Keen97",244811
"http://w3/journals/tods/Kuo96",236712
"http://w3/journals/tods/RaschidL96",236714
"http://w3/journals/tods/LitwinN96",236713
"http://w3/journals/tods/CiacciaTZ96",232755
"http://w3/journals/tods/DeyS96",232796
"http://w3/journals/tods/GhandeharizadehHJ96",232801
"http://w3/journals/tods/LiuM96",232622
"http://w3/journals/tods/Ross96",232628
"http://w3/journals/tods/BellNNS96",232691
"http://w3/journals/tods/GuoSW96",232692
"http://w3/journals/tods/BaralisCP96",227605
"http://w3/journals/tods/BunemanO96",227609
"http://w3/journals/tods/MokNE96",227612
"http://w3/journals/tods/MumickFPR96",227624
"http://w3/journals/tods/ChenHM95",219039
"http://w3/journals/tods/FraternaliT95",219042
"http://w3/journals/tods/SrivastavaSRN95",219056
"http://w3/journals/tods/Chen95a",211416
"http://w3/journals/tods/IoannidisR95",211419
"http://w3/journals/tods/ShashaLSV95",211427
"http://w3/journals/tods/BaekgaardM95",210198
"http://w3/journals/tods/Chomicki95",210200
"http://w3/journals/tods/GraefeC95",210202
"http://w3/journals/tods/AikenHW95",202107
"http://w3/journals/tods/Chen95",202110
"http://w3/journals/tods/Jagadish95",202113
"http://w3/journals/tods/GoldmanL94",195666
"http://w3/journals/tods/KrishnakumarB94",195670
"http://w3/journals/tods/WinslettSQ94",195675
"http://w3/journals/tods/CeriFPT94",185828
"http://w3/journals/tods/PolyzoisG94",185836
"http://w3/journals/tods/ChrysanthisR94",185843
"http://w3/journals/tods/KorthS94",185854
"http://w3/journals/tods/RosenthalR94",176568
"http://w3/journals/tods/BrightHP94",176569
"http://w3/journals/tods/Subrahmanian94",176571
"http://w3/journals/tods/YanG94",176573
"http://w3/journals/tods/ScioreSR94",176570
"http://w3/journals/tods/OliverS94",174640
"http://w3/journals/tods/TendickM94",174641
"http://w3/journals/tods/CliffordC94",174642
"http://w3/journals/tods/SalemGS94",174639
"http://w3/journals/tods/KotidisR01",503100
"http://w3/journals/tods/MamoulisP01",503101
"http://w3/journals/tods/LakshmananSS01",503102
"http://w3/journals/tods/Snodgrass01a",505055
"http://w3/journals/tods/EiterLLS01",502031
"http://w3/journals/tods/LiC01",502032
"http://w3/journals/tods/Ng01",502033
"http://w3/journals/tods/Snodgrass01",505049
"http://w3/conf/vldb/GarofalakisG01",672356
"http://w3/conf/vldb/Mohan01",672360
"http://w3/conf/vldb/CherniackFZ01",672180
"http://w3/conf/vldb/DayalHL01",672211
"http://w3/conf/vldb/Wadler01",672033
"http://w3/conf/vldb/MadhavanBR01",672191
"http://w3/conf/vldb/ChirkovaHS01",672216
"http://w3/conf/vldb/AmirKN01",672215
"http://w3/conf/vldb/StanoiRAA01",672207
"http://w3/conf/vldb/RaghavanG01",672025
"http://w3/conf/vldb/HuntAI01",672030
"http://w3/conf/vldb/ChaHKK01",672375
"http://w3/conf/vldb/LuoN01",672041
"http://w3/conf/vldb/WaasCB01",672026
"http://w3/conf/vldb/BohmMSW01",672198
"http://w3/conf/vldb/OzsuLON01",672177
"http://w3/conf/vldb/ManolescuFK01",672368
"http://w3/conf/vldb/ChienTZ01",672373
"http://w3/conf/vldb/TanEO01",672217
"http://w3/conf/vldb/ManolopoulosT01",672358
"http://w3/conf/vldb/CooperSFHS01",672202
"http://w3/conf/vldb/KahveciS01",672028
"http://w3/conf/vldb/GalhardasFSSS01",672042
"http://w3/conf/vldb/AnSVKIG01",672374
"http://w3/conf/vldb/BerckenS01",672197
"http://w3/conf/vldb/Kotidis01",672183
"http://w3/conf/vldb/GravanoIJKMS01",672200
"http://w3/conf/vldb/UrhanF01",672188
"http://w3/conf/vldb/ChungCLL01",672347
"http://w3/conf/vldb/Gibbons01",672351
"http://w3/conf/vldb/YangG01",672193
"http://w3/conf/vldb/AksoyZF01",672046
"http://w3/conf/vldb/MignetMAC01",672205
"http://w3/conf/vldb/AboulnagaAN01",672034
"http://w3/conf/vldb/OConnellWG01",672185
"http://w3/conf/vldb/TsurAADKW01",672353
"http://w3/conf/vldb/Novaretti01",672196
"http://w3/conf/vldb/Draluk01",672031
"http://w3/conf/vldb/Shmueli01",672369
"http://w3/conf/vldb/SadriZZA01",672043
"http://w3/conf/vldb/BunkerCCMMW01",672182
"http://w3/conf/vldb/LahiriSCMC01",672377
"http://w3/conf/vldb/Adler01",758383
"http://w3/conf/vldb/BrownG01",672032
"http://w3/conf/vldb/MaedaT01",672378
"http://w3/conf/vldb/ZengBNN01",672023
"http://w3/conf/vldb/LiCHPALHAY01",672040
"http://w3/conf/vldb/SundaraHCAS01",672361
"http://w3/conf/vldb/NishioSTTL01",672350
"http://w3/conf/vldb/BlokWZPAKJ01",672179
"http://w3/conf/vldb/PatonG01",757416
"http://w3/conf/vldb/ChaudhuriS01",672044
"http://w3/conf/vldb/Leymann01",757417
"http://w3/conf/vldb/Sol01",672038
"http://w3/conf/vldb/Sondag01",672359
"http://w3/conf/vldb/StillgerLMK01",672349
"http://w3/conf/vldb/AndreiV01",672357
"http://w3/conf/vldb/SeegerBBKSDS01",672371
"http://w3/conf/vldb/DillKMRST01",672181
"http://w3/conf/vldb/GilbertKMS01",672174
"http://w3/conf/vldb/MeccaCM01",672370
"http://w3/conf/vldb/BaumgartnerFG01",672194
"http://w3/conf/vldb/AgrawalSX01",672175
"http://w3/conf/vldb/CasatiDGS01",672190
"http://w3/conf/vldb/AilamakiDHS01",672367
"http://w3/conf/vldb/SakuraiYKU01",672024
"http://w3/conf/vldb/FegarasE01",672209
"http://w3/conf/vldb/ShanmugasundaramKSFF01",672203
"http://w3/conf/vldb/VeltriCV01",672192
"http://w3/conf/vldb/NatsevCSLV01",672365
"http://w3/conf/vldb/MargaritisFT01",758382
"http://w3/conf/vldb/DongHLPW01",672176
"http://w3/conf/vldb/LiM01",672035
"http://w3/conf/vldb/RamanH01",672045
"http://w3/conf/vldb/LabrinidisR01",672362
"http://w3/conf/vldb/TanSHCR01",672376
"http://w3/conf/vldb/OoiYTJ01",672178
"http://w3/conf/vldb/PapadiasT01",672363
"http://w3/conf/vldb/JensenL01",672027
"http://w3/conf/vldb/BratsbergH01",672348
"http://w3/conf/vldb/CuiW01",672029
"http://w3/conf/vldb/SatheS01",672366
"http://w3/conf/vldb/WiesnerK01",672204
"http://w3/conf/vldb/MarronL01",672372
"http://w3/conf/vldb/OzdenGHNSDGGW01",672352
"http://w3/conf/vldb/Duranti01",672214
"http://w3/conf/vldb/Gentili01",672184
"http://w3/conf/vldb/BouguettayaEMO01",672201
"http://w3/conf/vldb/Huyn01",672037
"http://w3/conf/vldb/BonifatiCDS01",672212
"http://w3/conf/vldb/AbrolLMMMRTWZ01",672355
"http://w3/conf/vldb/DattaDTVRF01",672364
"http://w3/conf/vldb/CareyKRLABFLOPQRSSUVWY01",672199
"http://w3/conf/vldb/NarayananS01",672213
"http://w3/conf/vldb/CatozziR01",672210
"http://w3/conf/vldb/MorishimaKKT01",672187
"http://w3/conf/vldb/May01",672036
"http://w3/conf/vldb/AnciauxBBPV01",758381
"http://w3/conf/vldb/SindoniTABFGMPPT01",672039
"http://w3/conf/vldb/KoschBBHHLRT01",672354
"http://w3/conf/vldb/BaumgartnerFG01a",672189
"http://w3/conf/vldb/AmbiteKKMST01",672186
"http://w3/conf/vldb/ZhouLZLZJT01",672206
"http://w3/conf/vldb/StohrR01",672208
"http://w3/conf/vldb/PereiraFJLS01",672195
"http://w3/conf/vldb/YagoubFIV00a",758379
"http://w3/conf/vldb/X00a",758376
"http://w3/conf/vldb/ChoenniV00",672008
"http://w3/conf/vldb/AltinelF00",671841
"http://w3/conf/vldb/ShanmugasundaramSBCLPR00",671695
"http://w3/conf/vldb/MatiasVW00",672011
"http://w3/conf/vldb/ChakrabartiGRS00",671851
"http://w3/conf/vldb/YuV00",758377
"http://w3/conf/vldb/KemmeA00",671855
"http://w3/conf/vldb/YagoubFIV00",672020
"http://w3/conf/vldb/PardonA00",671860
"http://w3/conf/vldb/LingLL00",671868
"http://w3/conf/vldb/WuFSP00",671847
"http://w3/conf/vldb/LuL00",671686
"http://w3/conf/vldb/YiF00",671689
"http://w3/conf/vldb/GoldsteinR00",671849
"http://w3/conf/vldb/PottingerL00",671692
"http://w3/conf/vldb/AgrawalCN00",671701
"http://w3/conf/vldb/Bar-YossefBCFW00",671873
"http://w3/conf/vldb/DingGS00",672013
"http://w3/conf/vldb/PantiSG00",671693
"http://w3/conf/vldb/ChangG00",672022
"http://w3/conf/vldb/PappasC00",671850
"http://w3/conf/vldb/ManolescuFKXO00",671846
"http://w3/conf/vldb/DuttaDMRT00",672018
"http://w3/conf/vldb/BasuFP00",671865
"http://w3/conf/vldb/DeenJNNW00",671702
"http://w3/conf/vldb/HvasshovdBT00",671853
"http://w3/conf/vldb/Nori00",671698
"http://w3/conf/vldb/MohanBWSZ00",671858
"http://w3/conf/vldb/CotterB00",672015
"http://w3/conf/vldb/Banerjee00",671683
"http://w3/conf/vldb/Tsur00",671840
"http://w3/conf/vldb/SchaeferBBJ00",671845
"http://w3/conf/vldb/Ramaswamy00",672012
"http://w3/conf/vldb/Taylor00",671859
"http://w3/conf/vldb/X00",671674
"http://w3/conf/vldb/ChaudhuriW00",671696
"http://w3/conf/vldb/ChristopheBPV00",758380
"http://w3/conf/vldb/LakshmananJN00",671863
"http://w3/conf/vldb/WangHH00",671697
"http://w3/conf/vldb/MillerHH00",671677
"http://w3/conf/vldb/ChakrabartiM00",671852
"http://w3/conf/vldb/OlstonW00",671877
"http://w3/conf/vldb/GrumbachRS00",672005
"http://w3/conf/vldb/WangZ00",671687
"http://w3/conf/vldb/GantiLR00",672017
"http://w3/conf/vldb/ChoG00",671679
"http://w3/conf/vldb/BalminPP00",672016
"http://w3/conf/vldb/MendelzonV00",672006
"http://w3/conf/vldb/CeriCW00",671876
"http://w3/conf/vldb/RamsakMFZEB00",671872
"http://w3/conf/vldb/StohrMR00",671843
"http://w3/conf/vldb/SrinivasanDFCJYKTDB00",672004
"http://w3/conf/vldb/DiaoLCT00",671678
"http://w3/conf/vldb/JohnsonA00",671874
"http://w3/conf/vldb/ManegoldBK00",672010
"http://w3/conf/vldb/RamasamyPNK00",672009
"http://w3/conf/vldb/KoudasIM00",671699
"http://w3/conf/vldb/PfoserJT00",672019
"http://w3/conf/vldb/KriegelPS00",671844
"http://w3/conf/vldb/GuntzerBK00",671875
"http://w3/conf/vldb/CowleyP00",671837
"http://w3/conf/vldb/JiangSLB00",672021
"http://w3/conf/vldb/LabioYCGW00",671684
"http://w3/conf/vldb/JarkeKL00",671688
"http://w3/conf/vldb/HinneburgAK00",671675
"http://w3/conf/vldb/SakuraiYUK00",671676
"http://w3/conf/vldb/DiligentiCLGG00",671854
"http://w3/conf/vldb/RisheYACLMVSV00",671681
"http://w3/conf/vldb/PedersenJD00",671842
"http://w3/conf/vldb/GuPS00",756647
"http://w3/conf/vldb/ChakrabartiSST00",758378
"http://w3/conf/vldb/BeneventanoBCCGMMV00",672014
"http://w3/conf/vldb/CarusoCGLM00",671870
"http://w3/conf/vldb/HelalL00",671869
"http://w3/conf/vldb/PereiraFLS00",671690
"http://w3/conf/vldb/ShahabiFKF00",671682
"http://w3/conf/vldb/LudasaherGM00",671864
"http://w3/conf/vldb/AdiBEY00",671839
"http://w3/conf/vldb/CareyKSSS00",671862
"http://w3/conf/vldb/RamamrithamABEGP00",672007
"http://w3/conf/vldb/BernsteinHJRW00",671867
"http://w3/conf/vldb/Schek00",671861
"http://w3/conf/vldb/Brodie00",671680
"http://w3/conf/vldb/Ladin00",671856
"http://w3/conf/vldb/Team00",671838
"http://w3/conf/vldb/Deshpande00",671866
"http://w3/conf/vldb/CasatiS00",671694
"http://w3/conf/vldb/Blecken00",671691
"http://w3/conf/vldb/Bowker00",671871
"http://w3/conf/vldb/Schnase00",671685
"http://w3/conf/vldb/NetzCBF00",671836
"http://w3/conf/vldb/LaneEN00",671857
"http://w3/conf/vldb/Carey00",671700
"http://w3/conf/vldb/KemperKW99",671506
"http://w3/conf/vldb/Sarawagi99",671500
"http://w3/conf/vldb/BonczMK99",671364
"http://w3/conf/vldb/RaoR99",671362
"http://w3/conf/vldb/Chawathe99",671669
"http://w3/conf/vldb/PitouraC99",671504
"http://w3/conf/vldb/PacittMS99",671521
"http://w3/conf/vldb/AbiteboulACEMM99",671664
"http://w3/conf/vldb/VorugantiOU99",671363
"http://w3/conf/vldb/TamuraK99",671495
"http://w3/conf/vldb/BamfordAP99",671509
"http://w3/conf/vldb/KnorrN99",671529
"http://w3/conf/vldb/JermaineDO99",671517
"http://w3/conf/vldb/AilamakiDHW99",671662
"http://w3/conf/vldb/DyresonBJ99",671672
"http://w3/conf/vldb/BernsteinPS99",671498
"http://w3/conf/vldb/GohOST99",671507
"http://w3/conf/vldb/WangZL99",671360
"http://w3/conf/vldb/ChakrabartiBD99",671523
"http://w3/conf/vldb/ChaudhuriG99",671359
"http://w3/conf/vldb/KonigW99",671668
"http://w3/conf/vldb/ChenCFGJMTW99",671496
"http://w3/conf/vldb/NinkHR99",671661
"http://w3/conf/vldb/RothOH99",671494
"http://w3/conf/vldb/CarinoOBS99",671525
"http://w3/conf/vldb/CeriFP99",671524
"http://w3/conf/vldb/KumarRRT99",671512
"http://w3/conf/vldb/LiRS99",671355
"http://w3/conf/vldb/PedersenJD99",671491
"http://w3/conf/vldb/ChanI99",671365
"http://w3/conf/vldb/Kornacker99",671358
"http://w3/conf/vldb/ZurekS99",671665
"http://w3/conf/vldb/DattaRT99",671352
"http://w3/conf/vldb/SahuguetA99",671350
"http://w3/conf/vldb/AcharyaGP99",671347
"http://w3/conf/vldb/Mohan99",671526
"http://w3/conf/vldb/TanGO99",671519
"http://w3/conf/vldb/Norvag99",758375
"http://w3/conf/vldb/KoudasMJ99",758373
"http://w3/conf/vldb/IoannidisP99",671527
"http://w3/conf/vldb/JagadishMN99",671667
"http://w3/conf/vldb/BrodieC99",671492
"http://w3/conf/vldb/Hamilton99",671508
"http://w3/conf/vldb/Pound99",671490
"http://w3/conf/vldb/GarofalakisRS99",671514
"http://w3/conf/vldb/Blum99",671348
"http://w3/conf/vldb/Campbell99",671353
"http://w3/conf/vldb/Graefe99",671528
"http://w3/conf/vldb/DarmontS99",671361
"http://w3/conf/vldb/Johnson99",671351
"http://w3/conf/vldb/ShanmugasundaramGTZDN99",671499
"http://w3/conf/vldb/McHughW99",671349
"http://w3/conf/vldb/HaasKU99",671671
"http://w3/conf/vldb/JagadishKNS99",671501
"http://w3/conf/vldb/DonjerkovicR99",671510
"http://w3/conf/vldb/JosifovskiR99",671673
"http://w3/conf/vldb/NaumannLF99",671356
"http://w3/conf/vldb/DeutschPT99",756643
"http://w3/conf/vldb/LakshmananSS99",671511
"http://w3/conf/vldb/LeeL99",671354
"http://w3/conf/vldb/JaedickeM99",671515
"http://w3/conf/vldb/KeimH99",671505
"http://w3/conf/vldb/GionisIM99",671516
"http://w3/conf/vldb/JagadishLS99",671666
"http://w3/conf/vldb/CareyCNVDRSM99",671522
"http://w3/conf/vldb/FuhDCMTLDRM99",671520
"http://w3/conf/vldb/HoskingC99",671503
"http://w3/conf/vldb/FlorescuLSY99",671493
"http://w3/conf/vldb/ChengGKLLQS99",671357
"http://w3/conf/vldb/RamanRH99",671663
"http://w3/conf/vldb/DeRose99",671670
"http://w3/conf/vldb/Dayal99",671502
"http://w3/conf/vldb/ZirintsisKM99",758374
"http://w3/conf/vldb/AbiteboulAAACHHMMMMSTV99",671497
"http://w3/conf/vldb/BaumannDFRW99",671513
"http://w3/conf/vldb/BouganimCDDGS99",671518
"http://w3/conf/vldb/VriesDBA99",671530
"http://w3/conf/vldb/Tygar98",671343
"http://w3/conf/vldb/MengLYWCR98",671185
"http://w3/conf/vldb/GraefeBC98",671160
"http://w3/conf/vldb/HelmerWM98",671197
"http://w3/conf/vldb/Ganguly98",671329
"http://w3/conf/vldb/ShivakumarGC98",671179
"http://w3/conf/vldb/Greco98",671344
"http://w3/conf/vldb/FangSGMU98",671338
"http://w3/conf/vldb/GibsonKR98",671202
"http://w3/conf/vldb/OoiGT98",671029
"http://w3/conf/vldb/MorimotoFMTY98",671186
"http://w3/conf/vldb/KnorrN98",671334
"http://w3/conf/vldb/OzsuVU98",671024
"http://w3/conf/vldb/MuthOPW98",671026
"http://w3/conf/vldb/Garcia-MolinaLY98",671164
"http://w3/conf/vldb/ZhangL98",671332
"http://w3/conf/vldb/Amer-YahiaCD98",671324
"http://w3/conf/vldb/PapadiasMD98",671163
"http://w3/conf/vldb/ZimbraoS98",671196
"http://w3/conf/vldb/CarinoJ98",671030
"http://w3/conf/vldb/DarEGP98",671325
"http://w3/conf/vldb/Vieille98",671336
"http://w3/conf/vldb/JoshiBLL98",671184
"http://w3/conf/vldb/BamfordBKM98",671023
"http://w3/conf/vldb/BaulierBKS98",671167
"http://w3/conf/vldb/VenkataramanZ98",671028
"http://w3/conf/vldb/RezendeS98",671195
"http://w3/conf/vldb/BaulierBGJGKKMMNNRSS98",671175
"http://w3/conf/vldb/George98",671032
"http://w3/conf/vldb/Mihalisin98",671176
"http://w3/conf/vldb/RiedelGF98",671345
"http://w3/conf/vldb/Shaw98",671169
"http://w3/conf/vldb/GoldmanSVG98",671346
"http://w3/conf/vldb/AbiteboulMRVW98",671172
"http://w3/conf/vldb/JohnsonM98",671327
"http://w3/conf/vldb/GarofalakisIO98",671193
"http://w3/conf/vldb/BraumandlCK98",671341
"http://w3/conf/vldb/MiloZ98",671326
"http://w3/conf/vldb/GingrasL98",671161
"http://w3/conf/vldb/RezendeH98",671194
"http://w3/conf/vldb/CareyK98",671166
"http://w3/conf/vldb/LinR98",671033
"http://w3/conf/vldb/GrovlenHT98",671204
"http://w3/conf/vldb/WeberSB98",671192
"http://w3/conf/vldb/AnkerstBKS98",671198
"http://w3/conf/vldb/IshikawaSF98",671331
"http://w3/conf/vldb/CherniackZ98",671177
"http://w3/conf/vldb/NipplM98",671337
"http://w3/conf/vldb/JagadishKMPSS98",671191
"http://w3/conf/vldb/EsterKSWX98",671201
"http://w3/conf/vldb/GarciaLL98",671188
"http://w3/conf/vldb/BliujuteJSS98",671339
"http://w3/conf/vldb/RamaswamyMS98",671170
"http://w3/conf/vldb/RastogiS98",671183
"http://w3/conf/vldb/GehrkeRG98",671330
"http://w3/conf/vldb/SheikholeslamiCZ98",671342
"http://w3/conf/vldb/GeorgeH98",671190
"http://w3/conf/vldb/Moerkotte98",671173
"http://w3/conf/vldb/ShuklaDN98",671189
"http://w3/conf/vldb/ZouS98",671182
"http://w3/conf/vldb/ArgePRSV98",671340
"http://w3/conf/vldb/KornLKF98",671025
"http://w3/conf/vldb/SilversteinBMU98",671027
"http://w3/conf/vldb/ChakrabartiSD98",671328
"http://w3/conf/vldb/Slutz98",671199
"http://w3/conf/vldb/LakshmiZ98",671200
"http://w3/conf/vldb/BonczRK98",671171
"http://w3/conf/vldb/DoDJJR98",671165
"http://w3/conf/vldb/Sterling98",671203
"http://w3/conf/vldb/FankhauserGLMT98",758371
"http://w3/conf/vldb/BelloDDFNSWZ98",671335
"http://w3/conf/vldb/ArunJ98",758370
"http://w3/conf/vldb/Schoning98",671181
"http://w3/conf/vldb/CarinoO98",671031
"http://w3/conf/vldb/FlorescuLS98",671168
"http://w3/conf/vldb/BlottKS98",671333
"http://w3/conf/vldb/Orenstein98",671178
"http://w3/conf/vldb/RoussopoulosK98",671180
"http://w3/conf/vldb/SchieferKBLF98",671187
"http://w3/conf/vldb/Mina98",671162
"http://w3/conf/vldb/Objectivity98",758372
"http://w3/conf/vldb/Pogue98",671174
"http://w3/conf/vldb/MaratheS97",671002
"http://w3/conf/vldb/GyssensL97",673639
"http://w3/conf/vldb/RossS97",670993
"http://w3/conf/vldb/TheodoratosS97",673656
"http://w3/conf/vldb/YangKL97",673657
"http://w3/conf/vldb/ChaudhuriN97",673646
"http://w3/conf/vldb/MorimotoIM97",673651
"http://w3/conf/vldb/VassalosP97",673662
"http://w3/conf/vldb/RothS97",670992
"http://w3/conf/vldb/HumborstadSHT97",671000
"http://w3/conf/vldb/StathatosRB97",673653
"http://w3/conf/vldb/EicklerKK97",673666
"http://w3/conf/vldb/AlsabtiRS97",673650
"http://w3/conf/vldb/SkubiszewskiV97",673640
"http://w3/conf/vldb/AshwinRSSS97",673645
"http://w3/conf/vldb/ZhangL97",671006
"http://w3/conf/vldb/HelmerM97",673667
"http://w3/conf/vldb/BerckenSW97",671016
"http://w3/conf/vldb/LeeLWS97",671015
"http://w3/conf/vldb/GoldmanW97",671008
"http://w3/conf/vldb/GibbonsMP97",673669
"http://w3/conf/vldb/ChatziantoniouR97",671003
"http://w3/conf/vldb/ChangG97",671022
"http://w3/conf/vldb/SeidlK97",673655
"http://w3/conf/vldb/BaumannFRW97",673652
"http://w3/conf/vldb/WhiteheadSM97",673660
"http://w3/conf/vldb/GinisHKMT97",670997
"http://w3/conf/vldb/AlonsoHST97",671020
"http://w3/conf/vldb/MalonM97",673642
"http://w3/conf/vldb/KumarKA97",671009
"http://w3/conf/vldb/WildfogelY97",670998
"http://w3/conf/vldb/Jacobs97",673647
"http://w3/conf/vldb/BernsteinHSSZ97",670999
"http://w3/conf/vldb/SellisRF97",673658
"http://w3/conf/vldb/JagadishNSSK97",671013
"http://w3/conf/vldb/Huyn97",673644
"http://w3/conf/vldb/FaloutsosJS97",673641
"http://w3/conf/vldb/Jamil97",673648
"http://w3/conf/vldb/SeshadriLR97",671010
"http://w3/conf/vldb/NgC97",673643
"http://w3/conf/vldb/BohannonLRSSS97",671017
"http://w3/conf/vldb/LlirbatST97",670991
"http://w3/conf/vldb/BaralisPT97",671019
"http://w3/conf/vldb/ShaferA97",671018
"http://w3/conf/vldb/WangYM97",758369
"http://w3/conf/vldb/GravanoG97",670994
"http://w3/conf/vldb/AtzeniMM97",671014
"http://w3/conf/vldb/FlorescuKLP97",673654
"http://w3/conf/vldb/TriantafillouP97",673663
"http://w3/conf/vldb/ChristodoulakisTZ97",671007
"http://w3/conf/vldb/KraissW97",673664
"http://w3/conf/vldb/HaasKWY97",670995
"http://w3/conf/vldb/ClaussenKMP97",673649
"http://w3/conf/vldb/GarofalakisI97",671004
"http://w3/conf/vldb/PellenkoftLK97",673661
"http://w3/conf/vldb/HuangJR97",670996
"http://w3/conf/vldb/CiacciaPZ97",671005
"http://w3/conf/vldb/ChakrabartiDAR97",673659
"http://w3/conf/vldb/ChavdaW97",671021
"http://w3/conf/vldb/PoosalaI97",673638
"http://w3/conf/vldb/GarofalakisOS97",758368
"http://w3/conf/vldb/DesslochM97",671012
"http://w3/conf/vldb/LiCHH97",673668
"http://w3/conf/vldb/KietzRS97",671001
"http://w3/conf/vldb/LockemannKKKN97",673665
"http://w3/conf/vldb/BridgeJKLLM97",671011
"http://w3/conf/vldb/SevcikK96",673466
"http://w3/conf/vldb/FaloutsosG96",673487
"http://w3/conf/vldb/LabioG96",673477
"http://w3/conf/vldb/McKennaBHT96",673476
"http://w3/conf/vldb/MeoPC96",673500
"http://w3/conf/vldb/FukudaMMT96",673495
"http://w3/conf/vldb/BohlenSS96",673474
"http://w3/conf/vldb/Ogawa96",673320
"http://w3/conf/vldb/KornSFSP96",673493
"http://w3/conf/vldb/ViverosNR96",673464
"http://w3/conf/vldb/SrivastavaDJL96",673627
"http://w3/conf/vldb/DiwanRSS96",673636
"http://w3/conf/vldb/AcharyaFZ96",673323
"http://w3/conf/vldb/GardarinST96",673485
"http://w3/conf/vldb/GardarinGT96",673484
"http://w3/conf/vldb/BouganimFV96",673330
"http://w3/conf/vldb/PoosalaI96",673321
"http://w3/conf/vldb/LeeL96",673331
"http://w3/conf/vldb/Padmanabhan96",673329
"http://w3/conf/vldb/Klots96",673483
"http://w3/conf/vldb/Sheth96",673492
"http://w3/conf/vldb/Moni96",673335
"http://w3/conf/vldb/Mohan96",673631
"http://w3/conf/vldb/Malaika96",673630
"http://w3/conf/vldb/Hess96",673327
"http://w3/conf/vldb/Gupta96",673324
"http://w3/conf/vldb/CareyD96",673465
"http://w3/conf/vldb/BerchtoldKK96",673502
"http://w3/conf/vldb/ScheuermannSV96",758367
"http://w3/conf/vldb/StaudtJ96",673479
"http://w3/conf/vldb/ChaudhuriS96",673461
"http://w3/conf/vldb/SeshadriLR96",673634
"http://w3/conf/vldb/Toivonen96",673325
"http://w3/conf/vldb/SarawagiS96",673632
"http://w3/conf/vldb/BerckenS96",673480
"http://w3/conf/vldb/CareyHMW96",673633
"http://w3/conf/vldb/Suciu96",673629
"http://w3/conf/vldb/LakshmananSS96",673490
"http://w3/conf/vldb/LevyRO96",673469
"http://w3/conf/vldb/ShethKMWDLPLS96",673468
"http://w3/conf/vldb/IoannidisLGP96",673496
"http://w3/conf/vldb/ChatziantoniouR96",673628
"http://w3/conf/vldb/FaloutsosMS96",673328
"http://w3/conf/vldb/DarFJST96",673462
"http://w3/conf/vldb/Suciu96a",673488
"http://w3/conf/vldb/Levy96",673332
"http://w3/conf/vldb/PapakonstantinouAG96",673481
"http://w3/conf/vldb/VermeerA96",673635
"http://w3/conf/vldb/RysNS96",673501
"http://w3/conf/vldb/BertinoBFS96",673475
"http://w3/conf/vldb/Cuppens96",673637
"http://w3/conf/vldb/AgarwalADGNRS96",673497
"http://w3/conf/vldb/ShuklaDNR96",673494
"http://w3/conf/vldb/Dyreson96",673326
"http://w3/conf/vldb/ShaferAM96",673491
"http://w3/conf/vldb/RamakrishnanR96",673333
"http://w3/conf/vldb/CochranePM96",673498
"http://w3/conf/vldb/Kleewein96",673472
"http://w3/conf/vldb/Mattos96",673467
"http://w3/conf/vldb/Gawlick96",673334
"http://w3/conf/vldb/Dasgupta96",756664
"http://w3/conf/vldb/Atal96",673322
"http://w3/conf/vldb/Rengarajan96",673499
"http://w3/conf/vldb/Hammond96",673473
"http://w3/conf/vldb/Celis96",673471
"http://w3/conf/vldb/Bhashyam96",673470
"http://w3/conf/vldb/Sullivan96",673489
"http://w3/conf/vldb/MiningGroup96",673478
"http://w3/conf/vldb/Sacks-Davis96",673486
"http://w3/conf/vldb/Raghavan96",673463
"http://w3/conf/vldb/Baru96",758366
"http://w3/conf/vldb/GuptaM96",673482
"http://w3/conf/vldb/Bayer95",673133
"http://w3/conf/vldb/Madnick95",673306
"http://w3/conf/vldb/EicklerGK95",673165
"http://w3/conf/vldb/AmsalegFG95",673302
"http://w3/conf/vldb/YanG95",673153
"http://w3/conf/vldb/GravanoG95",673294
"http://w3/conf/vldb/ChenRS95",673007
"http://w3/conf/vldb/KornackerB95",673305
"http://w3/conf/vldb/BunemanDHOW95",673160
"http://w3/conf/vldb/BargaP95",673298
"http://w3/conf/vldb/SteinbrunnPMK95",673167
"http://w3/conf/vldb/HasanM95",673143
"http://w3/conf/vldb/BelussiF95",673166
"http://w3/conf/vldb/GardarinGT95",673169
"http://w3/conf/vldb/YanL95",673154
"http://w3/conf/vldb/GuptaHQ95",673150
"http://w3/conf/vldb/BassiliadesV95",673137
"http://w3/conf/vldb/RahmM95",673163
"http://w3/conf/vldb/HanF95",673134
"http://w3/conf/vldb/SavasereON95",673300
"http://w3/conf/vldb/AgrawalLSS95",673155
"http://w3/conf/vldb/MillinerBP95",673144
"http://w3/conf/vldb/HellersteinNP95",673145
"http://w3/conf/vldb/CabreraRH95",673308
"http://w3/conf/vldb/HoelS95",673135
"http://w3/conf/vldb/DidriksenGD95",673313
"http://w3/conf/vldb/SumiyaYTSI95",673141
"http://w3/conf/vldb/Wang95",673152
"http://w3/conf/vldb/Lindsay95",673161
"http://w3/conf/vldb/OrensteinK95",673151
"http://w3/conf/vldb/LeslieJBY95",673317
"http://w3/conf/vldb/BrownS95",673132
"http://w3/conf/vldb/ReuterCGSW95",673318
"http://w3/conf/vldb/Korth95",758365
"http://w3/conf/vldb/WienerN95",673168
"http://w3/conf/vldb/KonopnickiS95",673148
"http://w3/conf/vldb/MogiK95",673307
"http://w3/conf/vldb/WuYCT95",673158
"http://w3/conf/vldb/BestavrosB95",673131
"http://w3/conf/vldb/GoyalHSS95",673147
"http://w3/conf/vldb/FerrandinaMZFM95",673314
"http://w3/conf/vldb/SubietaKL95",673138
"http://w3/conf/vldb/RusinkiewiczKTWM95",673142
"http://w3/conf/vldb/AmmannJR95",673164
"http://w3/conf/vldb/LuTD95",673139
"http://w3/conf/vldb/TreschPL95",673309
"http://w3/conf/vldb/MoserKK95",673149
"http://w3/conf/vldb/ChaudhuriGS95",673312
"http://w3/conf/vldb/HaasNSS95",673295
"http://w3/conf/vldb/FlodinR95",673311
"http://w3/conf/vldb/MehtaD95",673299
"http://w3/conf/vldb/SrikantA95",673304
"http://w3/conf/vldb/GallersdorferN95",673130
"http://w3/conf/vldb/LometT95",673170
"http://w3/conf/vldb/HvasshovdTBH95",673136
"http://w3/conf/vldb/LuSL95",758364
"http://w3/conf/vldb/AgrawalPWZ95",673157
"http://w3/conf/vldb/HaberIL95",673296
"http://w3/conf/vldb/KalusD95",673315
"http://w3/conf/vldb/EvangelidisLS95",673316
"http://w3/conf/vldb/Brin95",673006
"http://w3/conf/vldb/Sarawagi95",673159
"http://w3/conf/vldb/SistlaYLL95",673146
"http://w3/conf/vldb/RamakrishnanGRSWZ95",756661
"http://w3/conf/vldb/SeligmanBNSW95",673303
"http://w3/conf/vldb/Meier95",673301
"http://w3/conf/vldb/SimonD95",673319
"http://w3/conf/vldb/Vaskevitch95",673310
"http://w3/conf/vldb/Fecteau95",673140
"http://w3/conf/vldb/CatozziR95",673297
"http://w3/conf/vldb/Spintzik95",673162
"http://w3/conf/vldb/Hallmark95",673156
"http://w3/conf/vldb/JonscherD94",672978
"http://w3/conf/vldb/JagadishLRSS94",673000
"http://w3/conf/vldb/Galindo-LegariaPK94",672975
"http://w3/conf/vldb/WienerN94",672979
"http://w3/conf/vldb/NgH94",672827
"http://w3/conf/vldb/BrownCC94",672985
"http://w3/conf/vldb/FuC94",672824
"http://w3/conf/vldb/OuzzaniAB94",672989
"http://w3/conf/vldb/FrohnLU94",672988
"http://w3/conf/vldb/Guting94",672980
"http://w3/conf/vldb/GutierrezPST94",672976
"http://w3/conf/vldb/KemperK94",672977
"http://w3/conf/vldb/JohnsonS94",672996
"http://w3/conf/vldb/BarjaPFWD94",672969
"http://w3/conf/vldb/BaralisW94",673002
"http://w3/conf/vldb/AgrawalS94",672836
"http://w3/conf/vldb/ShatdalKN94",758363
"http://w3/conf/vldb/SripadaW94",672983
"http://w3/conf/vldb/DeWittKLPY94",672974
"http://w3/conf/vldb/Chiueh94",672825
"http://w3/conf/vldb/OzdenBRS94",672984
"http://w3/conf/vldb/ChakravarthyKAK94",672994
"http://w3/conf/vldb/SteenhagenABB94",672819
"http://w3/conf/vldb/MuntzR94",672820
"http://w3/conf/vldb/Lesk94",672830
"http://w3/conf/vldb/RosenthalS94",672973
"http://w3/conf/vldb/AnandBH94",672966
"http://w3/conf/vldb/IyerW94",672970
"http://w3/conf/vldb/BernsteinD94",672992
"http://w3/conf/vldb/CochinwalaB94",672968
"http://w3/conf/vldb/GoodmanRS94",672833
"http://w3/conf/vldb/LevySSZ94",672972
"http://w3/conf/vldb/LiC94",672826
"http://w3/conf/vldb/IdrisGC94",672967
"http://w3/conf/vldb/HasanM94",672835
"http://w3/conf/vldb/MohaniaS94",672987
"http://w3/conf/vldb/BrownMCL94",673005
"http://w3/conf/vldb/LevyMS94",672839
"http://w3/conf/vldb/AmielBDS94",672982
"http://w3/conf/vldb/ColletCS94",673003
"http://w3/conf/vldb/HoelS94",672823
"http://w3/conf/vldb/BrinkhoffK94",672841
"http://w3/conf/vldb/KilgerM94",672981
"http://w3/conf/vldb/SreenathS94",672995
"http://w3/conf/vldb/SetzerZ94",672838
"http://w3/conf/vldb/GehaniJR94",672971
"http://w3/conf/vldb/FerrandinaMZ94",672991
"http://w3/conf/vldb/TeisseirePC94",672831
"http://w3/conf/vldb/GaasterlandL94",672837
"http://w3/conf/vldb/MedianoCD94",672840
"http://w3/conf/vldb/ChawatheCY94",672822
"http://w3/conf/vldb/LitwinNS94",672842
"http://w3/conf/vldb/ChaudhuriS94",672834
"http://w3/conf/vldb/TsatalosSI94",672990
"http://w3/conf/vldb/DavisonG94",672821
"http://w3/conf/vldb/MatthesS94",672986
"http://w3/conf/vldb/PoulovassilisS94",672965
"http://w3/conf/vldb/NgY94",672828
"http://w3/conf/vldb/KamelF94",673001
"http://w3/conf/vldb/XieH94",672963
"http://w3/conf/vldb/LuOT94",672832
"http://w3/conf/vldb/SistlaYH94",672829
"http://w3/conf/vldb/PirotteZMY94",672997
"http://w3/conf/vldb/HjelsvoldM94",672818
"http://w3/conf/vldb/MartinC94",673004
"http://w3/conf/vldb/YanA94",672964
"http://w3/conf/vldb/Spaccapietra94",672993
"http://w3/conf/vldb/ZemankovaI94",672998
"http://w3/conf/vldb/Bernstein94",672999
"http://w3/journals/vldb/Halevy01",767151
"http://w3/journals/vldb/GrefenVA01",767153
"http://w3/journals/vldb/RahmB01",767154
"http://w3/journals/vldb/TurkerG01",767150
"http://w3/journals/vldb/LaurentLSV01",767152
"http://w3/journals/vldb/MecellaP01",767134
"http://w3/journals/vldb/BonifatiCP01",767136
"http://w3/journals/vldb/SuHHHLWLPLL01",767138
"http://w3/journals/vldb/DattaDVRN01",767140
"http://w3/journals/vldb/EyalM01",767135
"http://w3/journals/vldb/BraumandlKKKKSS01",767137
"http://w3/journals/vldb/ShegalovGW01",767139
"http://w3/journals/vldb/NguSHL01",765504
"http://w3/journals/vldb/LeeSC01",765507
"http://w3/journals/vldb/CombiP01",765505
"http://w3/journals/vldb/LiCHH01",765506
"http://w3/journals/vldb/WangW01",765508
"http://w3/journals/vldb/MirbelPSTV00",765230
"http://w3/journals/vldb/FuCCM00",765232
"http://w3/journals/vldb/CandanLS00",765231
"http://w3/journals/vldb/FernandezFLS00",765222
"http://w3/journals/vldb/BerendtS00",765223
"http://w3/journals/vldb/ChidlovskiiB00",765220
"http://w3/journals/vldb/GruserRZZ00",765221
"http://w3/journals/vldb/BunemanFS00",765224
"http://w3/journals/vldb/BraumandlCKK00",764214
"http://w3/journals/vldb/GibsonKR00",764217
"http://w3/journals/vldb/KnorrNT00",764218
"http://w3/journals/vldb/TorpJS00",764220
"http://w3/journals/vldb/GeorgeH00",764215
"http://w3/journals/vldb/MuthOPW00",764216
"http://w3/journals/vldb/KornLKF00",764219
"http://w3/journals/vldb/SheikholeslamiCZ00",764221
"http://w3/journals/vldb/PacittiS00",764222
"http://w3/journals/vldb/LiangOY00",764223
"http://w3/journals/vldb/KrivokapicKG99",765510
"http://w3/journals/vldb/LawLG99",765513
"http://w3/journals/vldb/BonczK99",765511
"http://w3/journals/vldb/AslanM99",765512
"http://w3/journals/vldb/LiR99",765515
"http://w3/journals/vldb/HarderST99",765516
"http://w3/journals/vldb/HuangDT99",765517
"http://w3/journals/vldb/KabraD99",765518
"http://w3/journals/vldb/ZezulaSAR98",765541
"http://w3/journals/vldb/BalkirO98",765542
"http://w3/journals/vldb/JiangE98",765538
"http://w3/journals/vldb/NgS98",765539
"http://w3/journals/vldb/SofferS98",765540
"http://w3/journals/vldb/Seshadri98",765531
"http://w3/journals/vldb/RoySSSA98",765534
"http://w3/journals/vldb/KraissW98",765532
"http://w3/journals/vldb/ChakrabartiDAR98",765533
"http://w3/journals/vldb/NgC98",765535
"http://w3/journals/vldb/AbiteboulCM98",765527
"http://w3/journals/vldb/OoiTCH98",765528
"http://w3/journals/vldb/IshakbeyogluO98",765525
"http://w3/journals/vldb/DesslochHMMT98",765526
"http://w3/journals/vldb/HansonCDERTX98",765521
"http://w3/journals/vldb/ScheuermannWZ98",765523
"http://w3/journals/vldb/Han98",765520
"http://w3/journals/vldb/MehtaGPN98",765522
"http://w3/journals/vldb/DiazJ97",765563
"http://w3/journals/vldb/FahlR97",765562
"http://w3/journals/vldb/BohmAnY97",765564
"http://w3/journals/vldb/MuckP97",765565
"http://w3/journals/vldb/BerchtoldKK97",765566
"http://w3/journals/vldb/SteinbrunnMK97",765556
"http://w3/journals/vldb/LometS97",765558
"http://w3/journals/vldb/Cobb97",765555
"http://w3/journals/vldb/PanagosB97",765557
"http://w3/journals/vldb/HaasCLS97",765559
"http://w3/journals/vldb/PapazogluK97a",765560
"http://w3/journals/vldb/PapazogluK97",765549
"http://w3/journals/vldb/CatarciSC97",765550
"http://w3/journals/vldb/MehrotraKS97",765553
"http://w3/journals/vldb/ChenHY97",765551
"http://w3/journals/vldb/IoannidisNSS97",765552
"http://w3/journals/vldb/Antoshenkov97",765545
"http://w3/journals/vldb/SinghalS97",765546
"http://w3/journals/vldb/MehtaD97",765547
"http://w3/journals/vldb/EvangelidisS97",765544
"http://w3/journals/vldb/MylopoulosCPST96",765853
"http://w3/journals/vldb/BeckerGOSW96",765854
"http://w3/journals/vldb/AntoshenkovZ96",765852
"http://w3/journals/vldb/KashyapS96",765855
"http://w3/journals/vldb/DeyBS96",765803
"http://w3/journals/vldb/HarderR96",765805
"http://w3/journals/vldb/ShyyASL96",765804
"http://w3/journals/vldb/OoiHLT96",765806
"http://w3/journals/vldb/PoulovassilisS96",765691
"http://w3/journals/vldb/TsatalosSI96",765690
"http://w3/journals/vldb/AmielBDS96",765692
"http://w3/journals/vldb/FangGM96",765693
"http://w3/journals/vldb/KellerB96",765753
"http://w3/journals/vldb/RamamrithamC96",765756
"http://w3/journals/vldb/DeWittNSV96",765751
"http://w3/journals/vldb/SivasankaranSTPR96",765752
"http://w3/journals/vldb/StonebrakerALPSSSY96",765754
"http://w3/journals/vldb/HarrisR96",765755
"http://w3/journals/vldb/NybergBCGL95",615237
"http://w3/journals/vldb/SwamiS95",615239
"http://w3/journals/vldb/BarbaraI95",615236
"http://w3/journals/vldb/WhiteD95",615238
"http://w3/journals/vldb/LandauST95",615233
"http://w3/journals/vldb/AbiteboulB95",615234
"http://w3/journals/vldb/AlbanoGO95",615227
"http://w3/journals/vldb/AtkinsonM95",615226
"http://w3/journals/vldb/OzsuPSILM95",615228
"http://w3/journals/vldb/BenzakenD95",615229
"http://w3/journals/vldb/KemperK95",615230
"http://w3/journals/vldb/PeckhamMD95",615219
"http://w3/journals/vldb/TenienteO95",615220
"http://w3/journals/vldb/GutingS95",615221
"http://w3/journals/vldb/TempletonHMB95",615222
"http://w3/journals/vldb/DanYC95",615216
"http://w3/journals/vldb/ConstantopoulosJMV95",615213
"http://w3/journals/vldb/CliftonGB95",615214
"http://w3/journals/vldb/AgrawalAJL95",615215
"http://w3/journals/vldb/Guting94",615206
"http://w3/journals/vldb/ChuIT94",615208
"http://w3/journals/vldb/Baumann94",615207
"http://w3/journals/vldb/PapadiasS94",615209
"http://w3/journals/vldb/LinJF94",615210
"http://w3/journals/vldb/RamamohanaraoH94",615193
"http://w3/journals/vldb/KieslingSSD94",615196
"http://w3/journals/vldb/DerrMP94",615194
"http://w3/journals/vldb/RamakrishnanSSS94",615195
"http://w3/journals/vldb/VaghaniRKSSLH94",615197
"http://w3/journals/vldb/GeorgakopoulosRL94",615186
"http://w3/journals/vldb/WhangKW94",615187
"http://w3/journals/vldb/KamelWS94",615188
"http://w3/journals/vldb/Sciore94",615189
"http://w3/journals/vldb/LeeW94",615200
"http://w3/journals/vldb/Barbara-MillaG94",615201
"http://w3/journals/vldb/Bertino94",615202
"http://w3/journals/vldb/WidomS00",764213
"http://w3/journals/vldb/AtzeniM00",765219
"http://w3/journals/vldb/Atkinson00",765234
"http://w3/journals/vldb/BernsteinPS00",765235
"http://w3/journals/vldb/ClaussenKKW00",765236
"http://w3/journals/vldb/JagadishKNS00",765237
"http://w3/journals/vldb/ManegoldBK00",765238
"http://w3/journals/vldb/RamanRH00",765239
"http://w3/journals/vldb/TanGO00",765240
"http://w3/journals/vldb/OzsuC98",765537
"http://w3/journals/vldb/CasatiSG01",767133
"http://w3/journals/vldb/AbbadiSW01",767142
"http://w3/journals/vldb/PucheralBVB01",767143
"http://w3/journals/vldb/ShanmugasundaramSBCLPR01",767144
"http://w3/journals/vldb/ChangG01",767145
"http://w3/journals/vldb/PottingerH01",767146
"http://w3/journals/vldb/ChakrabartiGRS01",767147
"http://w3/journals/vldb/Sarawagi01",767148
"http://w3/journals/vldb/FungKL03",950490
"http://w3/journals/vldb/Li03",950491
"http://w3/journals/vldb/HelmerM03",950493
"http://w3/journals/vldb/ChuaCL03",950492
"http://w3/journals/vldb/YangW03",950494
"http://w3/journals/vldb/RamamurthyDS03",950483
"http://w3/journals/vldb/AbadiCCCCLSTZ03",950485
"http://w3/journals/vldb/ChakrabartiRS03",950488
"http://w3/journals/vldb/BernsteinIR03",950482
"http://w3/journals/vldb/ChanGR03",950484
"http://w3/journals/vldb/ChandrasekaranF03",950486
"http://w3/journals/vldb/AgrawalHK03",950487
"http://w3/journals/vldb/ShethTP03",775454
"http://w3/journals/vldb/VerykiosME03",775455
"http://w3/journals/vldb/MedjahedBBNE03",775457
"http://w3/journals/vldb/Ozsu03",775453
"http://w3/journals/vldb/CuiW03",775456
"http://w3/journals/vldb/ChienTZ02",764204
"http://w3/journals/vldb/ChanFGR02",764205
"http://w3/journals/vldb/IvesHW02",764206
"http://w3/journals/vldb/Halevy02",764200
"http://w3/journals/vldb/JagadishACLNPPSWWY02",764201
"http://w3/journals/vldb/FiebigHKMNSW02",764202
"http://w3/journals/vldb/Amer-YahiaCLS02",764203
"http://w3/journals/vldb/AnGSVKI02",641270
"http://w3/journals/vldb/ChirkovaHS02",641272
"http://w3/journals/vldb/HuntAI02",641274
"http://w3/journals/vldb/AilamakiDH02",641271
"http://w3/journals/vldb/ApersCS02",641269
"http://w3/journals/vldb/AguileraCMVV02",641273
"http://w3/journals/vldb/NanopoulosM02",767130
"http://w3/journals/vldb/FengYLH02",767131
"http://w3/journals/vldb/SakuraiYUK02",767128
"http://w3/journals/vldb/HjaltasonS02",767129
"http://w3/journals/vldb/RafieiM02",767094
"http://w3/journals/vldb/FerrariAABC02",767097
"http://w3/journals/vldb/SaltenisJ02",767093
"http://w3/journals/vldb/Navarro02",767095
"http://w3/journals/vldb/MihailaRT02",767096
"http://w3/journals/vldb/MaratheS02",767098
"http://w3/journals/vldb/MedjahedBE03",953243
"http://w3/journals/vldb/AtluriJY03",953239
"http://w3/journals/vldb/MaedcheMS03",953240
"http://w3/journals/vldb/DoanMDDH03",953241
"http://w3/journals/vldb/HalkidiNVV03",953242
"http://w3/journals/vldb/FiletoLPAM03",953244
"http://w3/conf/sigmod/BohrerBBCFHKKMNRRSUUW97",253294
"http://w3/journals/sigmod/Kuijpers02",601866
"http://w3/conf/sigmod/Faloutsos95",223879
"http://w3/conf/sigmod/MogiK96",233331
"http://w3/journals/sigmod/CasatiDS00",369276
"http://w3/journals/sigmod/Jagadish01",604276
"http://w3/conf/sigmod/CareyDNAGS97",253283
"http://w3/conf/sigmod/BratsbergT00",335477
"http://w3/conf/sigmod/BlottRS96",233348
"http://w3/journals/vldb/C95b",615225
"http://w3/journals/sigmod/GeppertD94",181556
"http://w3/conf/sigmod/Deutsch95",223880
"http://w3/journals/sigmod/X94",187454
"http://w3/conf/sigmod/HaasH01",375800
"http://w3/journals/sigmod/Geller02",507355
"http://w3/conf/sigmod/Seshadri99",304226
"http://w3/conf/sigmod/RamakrishnanD98",276361
"http://w3/journals/sigmod/Aberer03a",641004
"http://w3/journals/sigmod/Wedekind94",190628
"http://w3/conf/sigmod/Carey00",335476
"http://w3/conf/sigmod/Hellerstein00",335473
"http://w3/journals/sigmod/Badia02",637425
"http://w3/journals/sigmod/HasselbringHHKRRS00",369277
"http://w3/journals/sigmod/KantM00",362091
"http://w3/journals/sigmod/Goethals02",565132
"http://w3/conf/sigmod/Rajaraman99",304246
"http://w3/journals/sigmod/BunemanRU97",248611
"http://w3/journals/sigmod/OukselS99",309849
"http://w3/journals/sigmod/Gunther97",248604
"http://w3/journals/sigmod/CaplinskasEV02",507367
"http://w3/journals/sigmod/Kim94",181552
"http://w3/journals/sigmod/BerzalM02",565130
"http://w3/journals/sigmod/CatarciC96",245888
"http://w3/journals/vldb/C94c",615205
"http://w3/journals/sigmod/Grefen02",507356
"http://w3/conf/sigmod/Ojjeh99",304245
"http://w3/conf/sigmod/BlakeleyD00",335480
"http://w3/journals/sigmod/Ouksel02",565131
"http://w3/journals/sigmod/Dogac02",507340
"http://w3/journals/sigmod/Scholl01",604275
"http://w3/journals/sigmod/Rosneblatt94",190649
"http://w3/journals/sigmod/Winslett02b",601871
"http://w3/journals/sigmod/Labrinidis01",604283
"http://w3/journals/sigmod/Winslett03",640999
